ledger_line,section,file,status,severity,finding,remedy
27,"Batch 1 — Entry & infra (server, app, index routes, config, middleware)","`backend/server.js`",OPEN,"ISSUE","Socket.io rooms `register_relay`/`join_room` accept arbitrary `churchId`/`roomId` with no auth — any connected client can join another tenant's room. Graceful shutdown, env validation, PM2 ready-signal all good.","Pending socket authentication/authorization change."
33,"Batch 1 — Entry & infra (server, app, index routes, config, middleware)","`backend/config/platformJwt.js`",OPEN,"ISSUE","Platform tokens are signed with the same `JWT_SECRET` as church tokens; a church JWT with a `userId` matching a `platform_users.id` could pass `authenticatePlatformUser`.","Add `iss`/`aud` claims and enforce them, or use a separate platform secret."
35,"Batch 1 — Entry & infra (server, app, index routes, config, middleware)","`backend/middleware/churchContext.js`",OPEN,"ISSUE","`set_config` runs on a random pooled connection, so the session variable may not apply to later queries in the same request. Errors also still call `next()`.","Use a dedicated client/transaction for RLS or remove the broken middleware path."
36,"Batch 1 — Entry & infra (server, app, index routes, config, middleware)","`backend/middleware/csrf.js`",IN PROGRESS,"ISSUE","Token validation checks only `token.length === 64`; token is not bound to a session and `/api/csrf-token` hands tokens to anyone. `SameSite=Strict` cookies plus Bearer-token exemptions are doing the real protection.","Partial fix (Cluster-04 apply): Bearer exemption now applies only when Bearer is the sole credential — requests carrying both Bearer + session cookie fall through to CSRF validation. Still open: token itself is not session-bound (any 64-char string passes); needs double-submit HMAC or session binding."
40,"Batch 1 — Entry & infra (server, app, index routes, config, middleware)","`backend/middleware/platformAuth.js`",OPEN,"NOTE","Solid active-user check and per-request DB hit, but `console.error` is used instead of the logger. It also shares the platform/church JWT-secret issue.","Move to logger and enforce a platform-only token audience."
44,"Batch 1 — Entry & infra (server, app, index routes, config, middleware)","`backend/middleware/tenantResolver.js`",OPEN,"ISSUE","`x-tenant-slug` header is trusted unconditionally; `DEFAULT_CHURCH_SLUG` fallback picks the first active church when a slug misses. `console.error` is used instead of the logger.","Restrict trusted tenant override sources and use logger."
47,"Batch 1 — Entry & infra (server, app, index routes, config, middleware)","`backend/middleware/validation.js`",OPEN,"NOTE","Good rule library. `validateRequest` echoes `err.value` (user input) in errors; `sanitizeInput` escapes everything — verify no route double-escapes stored content.","Stop echoing raw input values and audit storage escaping."
57,"Batch 2 — Auth chain","`backend/helpers/security.js`",OPEN,"NOTE","bcrypt-12, env JWT secrets, speakeasy, HIBP are solid. `checkPasswordBreach` returns `pwnedPasswordRange` object as `count` (not a number). Access-token payload lacks `iss`/`aud`, feeding platform/church token confusion.","Fix returned breach count type and add token claims."
59,"Batch 2 — Auth chain","`backend/services/IdentityService.js`",OPEN,"NOTE","Dual caching (60s here + 5min in `auth.js`) can delay role revocation. `getDepartmentPermissions` never joins `church_id`, relying on `user_id` scoping. `mfaVerified` is always `false` in identity, while setup endpoints are broken elsewhere.","Consolidate cache invalidation and verify department permission scoping."
60,"Batch 2 — Auth chain","`backend/controllers/auth.controller.js`",OPEN,"ISSUE","PARTIAL: `enableMFA` undefined `user` variable FIXED (now `req.user.email` — was ReferenceError→500 on every call). STILL OPEN: `forgotPassword` generates token but never sends email; `register` ignores `req.church_id`; `refreshToken` reissues access tokens without `mfaVerified` claim; profile update writes to `login_attempts`.","Remaining: send reset email, use resolved church, propagate MFA claim on refresh, use semantic audit path."
61,"Batch 2 — Auth chain","`backend/repositories/AuthRepository.js`",OPEN,"ISSUE","PARTIAL: token-replay FIXED — `getPasswordResetToken` now filters `used IS NOT TRUE` (verified live: used token rejected). STILL OPEN: `getUserSessions` returns raw refresh tokens to client; reset tokens stored plaintext.","Mask session tokens; hash reset tokens at rest."
62,"Batch 2 — Auth chain","`backend/controllers/platformAuth.controller.js`",OPEN,"ISSUE","JWT payload carries `type: 'platform'`, but `authenticatePlatformUser` never checks it; a church JWT with a matching `userId` can pass. Otherwise good lockout/audit/cookie scope.","Enforce `type`/`aud`/`iss` in platform auth middleware."
98,"Batch 3 — Repositories (all 55 files)","`backend/repositories/AnalyticsRepository.js`",OPEN,"ISSUE","`churchId = null` optional everywhere; callers omitting it get cross-tenant aggregates.","Require churchId or split platform-scoped methods."
99,"Batch 3 — Repositories (all 55 files)","`backend/repositories/AnnouncementsRepository.js`",OPEN,"ISSUE","`updateAnnouncement`/`deleteAnnouncement`/`getAnnouncementById` unscoped by-id ops.","Add church_id to mutations."
100,"Batch 3 — Repositories (all 55 files)","`backend/repositories/ChatRepository.js`",OPEN,"ISSUE","Room/message ops lack church ownership checks.","Scope rooms by church_id; verify room join."
101,"Batch 3 — Repositories (all 55 files)","`backend/repositories/ChartOfAccountsRepository.js`",OPEN,"ISSUE","Optional church scope + unscoped mutations.","Require churchId for tenant data."
103,"Batch 3 — Repositories (all 55 files)","`backend/repositories/ContentRepository.js`",OPEN,"ISSUE","`createContentItem()` omits `church_id` on INSERT → tenantless rows.","Insert church_id."
106,"Batch 3 — Repositories (all 55 files)","`backend/repositories/DashboardRepository.js`",OPEN,"NOTE","`getDepartmentHealthMetrics`/`getDepartmentActivityFeed` swallow errors → zero/empty results.","Narrow catch to missing-table fallback."
107,"Batch 3 — Repositories (all 55 files)","`backend/repositories/GalleryRepository.js`",OPEN,"ISSUE","`getTags()` ignores churchId; album detail scopes album but not nested photos/sub-albums; gallery analytics is global.","Scope nested queries + analytics."
108,"Batch 3 — Repositories (all 55 files)","`backend/repositories/ManualPaymentRepository.js`",OPEN,"ISSUE","`deletePayment(id)`/`updatePaymentMember(paymentId, memberId)` unscoped.","Add church_id to mutations."
110,"Batch 3 — Repositories (all 55 files)","`backend/repositories/MobileRepository.js`",OPEN,"ISSUE","`churchId \","\"
111,"Batch 3 — Repositories (all 55 files)","`backend/repositories/PaymentRepository.js`",OPEN,"ISSUE","Optional church scope; `getPaymentsWithFilters(filters, null, …)` allows global reads; `updateStatus`/`verifyPayment`/`cancelPayment`/`getRefundById`/`getPaymentByIdSimple` unscoped.","Require churchId for tenant rows."
113,"Batch 3 — Repositories (all 55 files)","`backend/repositories/SettingsRepository.js`",OPEN,"ISSUE","`getSettingsHistory` binds LIMIT to the key string when key is passed (param order bug). `getSystemHealth` returns fabricated disk constants. `setMaintenanceSetting` uses `ON CONFLICT (key)` while `upsert` uses `(key, church_id)`.","Fix param order, remove fake metrics, unify conflict target."
114,"Batch 3 — Repositories (all 55 files)","`backend/repositories/SyncRepository.js`",OPEN,"NOTE","`getDelta` interpolates table names into SQL — safe only if `tables` arg is a hardcoded allowlist upstream.","Verify caller never passes user input."
117,"Batch 3 — Repositories (all 55 files)","`backend/repositories/UserRepository.js`",OPEN,"ISSUE","`updateProfile` interpolates object keys into SET clause — column-name injection if req.body flows through. `getProfile` correctly excludes password fields.","Allowlist updatable columns."
118,"Batch 3 — Repositories (all 55 files)","`backend/repositories/VendorsRepository.js`",OPEN,"ISSUE","`getVendorById`/`updateVendor`/`deleteVendor`/`getVendorTransactionCount` unscoped by-id.","Add church_id."
119,"Batch 3 — Repositories (all 55 files)","`backend/repositories/base.repository.js`",OPEN,"ISSUE","Unscoped base class (no church_id anywhere), unchecked `orderBy`/where-key interpolation; used by treasury module repos.","Merge into scoped `BaseRepository.js` or add scope + allowlists."
120,"Batch 3 — Repositories (all 55 files)","`backend/repositories/*` (rest)",OPEN,"NOTE","`ActivityFeedRepository`, `AuditLogRepository`, `CommentsRepository`, `NotificationsRepository` (template/log mutations), `ReportsRepository`, `ChurchRepository.updateChurch` (prebuilt fragments), `ApprovalsRepository` (CLEAN — scoped + allowlist + self-approval block), `UserSettingsRepository`, `GatewayRepository` verified where flagged.","Per-method tracing continues in controllers batch."
138,"Batch 4 — Controllers (call-site verification of Batch 3)","`backend/controllers/department.controller.js`",OPEN,"BLOCKER","`getDepartmentMembers` → `SELECT u.*` leaks `password_hash`/`mfa_secret` to any caller. `setDepartmentPermission` has NO authz check → self-grant 'Admin' on any department. `uploadLogo`/`uploadBanner`/`updateColors`/`getDepartmentAdmins`/`getDepartmentComponents` unscoped.","Whitelist member columns; add membership/admin checks."
139,"Batch 4 — Controllers (call-site verification of Batch 3)","`backend/controllers/manualPayment.controller.js`",OPEN,"ISSUE","`matchPaymentToMember` → `updatePaymentMember(paymentId, memberId)` with paymentId from body and no ownership check → cross-tenant payment edit. `deleteManualPayment` checks ownership then calls unscoped delete (TOCTOU window). `vendor_code`/`refund`/`receipt` numbers use `Math.random` → collisions.","Verify payment belongs to church before mutation."
140,"Batch 4 — Controllers (call-site verification of Batch 3)","`backend/controllers/vendors.controller.js`",OPEN,"ISSUE","`getVendorById`/`updateVendor`/`deleteVendor` no church check → IDOR on vendor records.","Scope by church_id."
141,"Batch 4 — Controllers (call-site verification of Batch 3)","`backend/controllers/notifications.controller.js`",OPEN,"ISSUE","`createNotification`/`sendPushNotification`/`sendBulkNotifications` take arbitrary `userId`/`userIds` → notification spoofing/spam. Template CRUD unscoped. No role checks in controller (verify route guards).","Restrict to admin role; scope templates."
142,"Batch 4 — Controllers (call-site verification of Batch 3)","`backend/controllers/palette.controller.js`",OPEN,"ISSUE","`createPalette` inserts tenantless rows; `updatePalette`/`deletePalette` unscoped; `setDefaultPalette` calls `resetAllDefaults()` globally → resets OTHER churches' default flag. ""admin only"" comments but no role check.","Scope palettes; verify route role guards."
143,"Batch 4 — Controllers (call-site verification of Batch 3)","`backend/controllers/mobile.controller.js`",OPEN,"NOTE","Consistently passes churchId. `resetSync` is comment-marked ""admin only"" with no check — any user resets any userId's sync. `rsvpEvent` has no event-church verification.","Add role check; verify rsvpEvent scoping."
144,"Batch 4 — Controllers (call-site verification of Batch 3)","`backend/controllers/smsAuth.controller.js`",OPEN,"ISSUE","`smsLogin` returns `church.api_key` in response body. `generateDatabaseConnectionKey` is a plain sha256 — deterministic, not encryption, presented as a connection key.","Drop api_key from response; implement or remove the key."
145,"Batch 4 — Controllers (call-site verification of Batch 3)","`backend/controllers/smsSync.controller.js`",OPEN,"NOTE","Uses `req.user.churchId` — works only because buildUserIdentity sets both casings. `filterDataByUser` fails open (returns unfiltered data on error). `since_date` delta path ignores the param (returns full snapshot).","Fail closed; implement or document delta."
146,"Batch 4 — Controllers (call-site verification of Batch 3)","`backend/controllers/userSettings.controller.js`",OPEN,"ISSUE","`createUserPreferencesWithFields` builds INSERT column list from SET-clause strings (`""field = $n""`) → invalid SQL, create-if-missing path always fails. `changePassword` uses bcrypt-10 while security.js uses bcryptjs-12; no session invalidation after change.","Fix INSERT builder; unify bcrypt lib/cost; revoke sessions."
147,"Batch 4 — Controllers (call-site verification of Batch 3)","`backend/controllers/analytics.controller.js`",OPEN,"CLEAN","Every call passes churchId — model citizen.","No action."
148,"Batch 4 — Controllers (call-site verification of Batch 3)","`backend/controllers/dashboard.controller.js`",OPEN,"ISSUE","All scoped. `getDepartmentStats` uses `req.user.department_id` — not in `buildUserIdentity` → always undefined → dead feature.","Add department_id to identity or drop endpoint."
149,"Batch 4 — Controllers (call-site verification of Batch 3)","`backend/controllers/gateway.controller.js`",OPEN,"CLEAN","churchId from JWT on both methods.","No action."
150,"Batch 4 — Controllers (call-site verification of Batch 3)","`backend/controllers/platform.controller.js`",OPEN,"CLEAN","Uses `req.platformUser`, audit-logged, validates enums.","No action."
151,"Batch 4 — Controllers (call-site verification of Batch 3)","`backend/controllers/auth.controller.js` (batch 2)",OPEN,"ISSUE","+ new: JWT `mfaVerified` claim is signed but `authenticateToken` ignores it — uses `IdentityService` identity where `mfaVerified` is hardcoded `false`.","Propagate claim to req.user or store verification server-side."
152,"Batch 4 — Controllers (call-site verification of Batch 3)","`backend/middleware/auth.js` (re-read)",OPEN,"ISSUE","`authenticateToken` never checks `identity.isActive` → deactivated users keep access. `requireDepartmentPermission` reads `req.params.departmentId` only → 400 on routes using `:id`. `smsLogin` mutates cached identity (`mfaVerified=true`) → cache poisoning across sessions for 60s.","Enforce isActive; param-name fallback; never mutate cached identity."
154,"Batch 4 — Controllers (call-site verification of Batch 3)","`backend/controllers/church.controller.js`",OPEN,"ISSUE","Church admin ops take arbitrary `:id` (getChurchById/updateChurch/deleteChurch/getChurchStats/updateChurchSettings) — safety depends entirely on route-level platform guards; verify routes. `updateChurch` builds a query via `ChurchService.buildUpdateQuery` then passes parts to `ChurchRepository.updateChurch` — unused local `query` var = API drift.","Verify platform-only route guards; remove dead query build."
155,"Batch 4 — Controllers (call-site verification of Batch 3)","`backend/controllers/comments.controller.js`",OPEN,"NOTE","Consistently passes `req.user.church_id` to every repo call (list/create/getById/update/delete). Verify CommentsRepository actually applies the filter and entity-type authz at routes.","Verify repo scoping in Batch 3 note."
156,"Batch 4 — Controllers (call-site verification of Batch 3)","`backend/controllers/content.controller.js`",OPEN,"ISSUE","`getAllContent` scoped. `getContentBySlug`, tag lookup, all content locks (`getActiveContentLock`/`upsertContentLock`/`getContentLockByContentItemId`/`deleteContentLock`/`getContentLockStatus`), `schedulePublish` omit church — IDs/slugs globally guessable; compounds ContentRepository's missing church_id on insert.","Scope locks/slug/schedule by church."
158,"Batch 4 — Controllers (call-site verification of Batch 3)","`backend/controllers/gallery.controller.js`",OPEN,"ISSUE","Scoped: getAllAlbums/getAlbumById/createUploadedPhoto/batchUpdatePhotos/toggleFavorite/addPhotoLabel. Unscoped: categories, searchPhotos, filterPhotosByTags/ByDate, updatePhoto(Metadata/Privacy), photo analytics, comments/tags, and the whole `GalleryAlbumsRepository` advanced surface (createAlbumAdvanced inserts tenantless; update/delete/addPhotos/updatePhotoOrder/setCoverPhoto/removePhotoFromAlbum by-id only). Public endpoints (`getPublicPhotos`, `getImage`) trust `?church_id=` — unauthenticated cross-tenant read of any church's approved photos.","Scope all by-id ops; derive public tenant from slug resolution, not a free-form id param."
159,"Batch 4 — Controllers (call-site verification of Batch 3)","`backend/controllers/accountingExport.controller.js`",OPEN,"BLOCKER","Zero `church_id` anywhere. `getAllExports`, `getExportById`, `exportJournalEntries`, `exportChartOfAccounts`, `exportTransactions` operate on ALL tenants — exports every church's journal entries, chart of accounts and transactions to CSV/IIF.","Pass church_id to every repo call; verify repo accepts it."
160,"Batch 4 — Controllers (call-site verification of Batch 3)","`backend/controllers/activityFeed.controller.js`",OPEN,"NOTE","Non-admins get a `checkDepartmentAccess(deptId, userId, church_id)` gate before reads — good. `broadcastActivities` runs on every GET (read side-effect re-broadcasts to websockets).","Move broadcast off the read path."
161,"Batch 4 — Controllers (call-site verification of Batch 3)","`backend/controllers/ai.controller.js`",OPEN,"CLEAN","Passes churchId/userId to service + scoped usage stats.","No action."
166,"Batch 4 — Controllers (call-site verification of Batch 3)","`backend/controllers/documents.controller.js`",OPEN,"NOTE","Consistently scoped (findById gates download/update/delete; permissions/approve/reject scoped + audit). `getVersionHistory(documentId)` unscoped read; multer disk `destination: 'uploads/documents/'` is CWD-relative while `uploadToCloud` uses absolute `__dirname` path — inconsistent.","Scope version history; unify upload paths."
167,"Batch 4 — Controllers (call-site verification of Batch 3)","`backend/controllers/fieldPermissions.controller.js`",OPEN,"ISSUE","`setFieldPermissions` writes field-level perms for any role+module with no admin check in controller and no church scope → privilege self-escalation if route guard missing.","Verify route requires admin; add church scoping if perms are per-tenant."
168,"Batch 4 — Controllers (call-site verification of Batch 3)","`backend/controllers/fixedAssets.controller.js`",OPEN,"CLEAN","church_id passed on every repo call incl. filters, create, update, delete, depreciation reads. `updateAssetDisposal`/`updateDepreciation` run after a scoped existence check (minor TOCTOU only).","No action beyond optional scope on final writes."
169,"Batch 4 — Controllers (call-site verification of Batch 3)","`backend/controllers/pledges.controller.js`",OPEN,"ISSUE","List + create scoped; `getPledgeById`/`updatePledge`/`deletePledge`/`recordPledgePayment` unscoped by-id → cross-tenant pledge read/mutate/payment-recording. `PLEDGE-YYYY-NNNN` uses Math.random → collision-prone.","Scope by-id ops; sequence-based numbers."
170,"Batch 4 — Controllers (call-site verification of Batch 3)","`backend/controllers/projects.controller.js`",OPEN,"ISSUE","List + create scoped; `getProjectById`/`updateProject`/`deleteProject`/`getMilestones`/`createMilestone`/`updateMilestone`/`deleteMilestone`/`getProjectContributions`/`addContribution`/`getProjectAnalytics`/`updateProjectStatus` all unscoped by-id → full cross-tenant project + contribution CRUD.","Scope every by-id op."
171,"Batch 4 — Controllers (call-site verification of Batch 3)","`backend/controllers/reconciliation.controller.js`",OPEN,"ISSUE","`pushFromRelay` writes to the church's own queue but lets ANY authenticated user inject unverified transactions into it (no role check visible). `verifyTransaction` does `findById(transactionId)` + `verifyTransaction(...)` unscoped → verify another church's txs. Returns `error.message` in 500 responses → DB detail leakage.","Scope verify; role-gate push; stop echoing error.message."
172,"Batch 4 — Controllers (call-site verification of Batch 3)","`backend/controllers/recurringPayments.controller.js`",OPEN,"ISSUE","List + create scoped; `getWithDetails`/`updateRecurringPayment`/`delete`/`updateStatus`(pause/resume)/`handlePaymentFailure` unscoped by-id → cross-tenant recurring-payment control. `REC-YYYY-NNNN` Math.random number.","Scope by-id ops; sequence numbers."
174,"Batch 4 — Controllers (call-site verification of Batch 3)","`backend/controllers/security.controller.js`",OPEN,"NOTE","Scoped throughout incl. IP block/unblock + settings (strips church_id/id from body — good). `getRecentSecurityEvents()` unscoped → other churches' events leak into analytics response. `getActiveSessions(userId)` needs route role check.","Scope recent events; verify route guard."
175,"Batch 4 — Controllers (call-site verification of Batch 3)","`backend/controllers/sms.controller.js`",OPEN,"NOTE","Scoped throughout; E.164 validation, opt-out filtering, batching all solid. `getTemplateAnalytics(templateId)` unscoped (minor).","Scope template analytics."
176,"Batch 4 — Controllers (call-site verification of Batch 3)","`backend/controllers/smsContacts.controller.js`",OPEN,"NOTE","Inline SQL but fully parameterized + church-scoped on every query incl. import path. CSV export doesn't escape quotes → broken CSV / formula-injection (`=…` cells execute in Excel) on names.","Escape CSV cells (double-quote doubling + leading-char guard)."
177,"Batch 4 — Controllers (call-site verification of Batch 3)","`backend/controllers/smsGroups.controller.js`",OPEN,"NOTE","Fully scoped incl. group↔user permission checks — model file. `user_group_permissions` delete on group delete lacks church filter (harmless; group already verified).","Optional: add church filter to permission cleanup."
180,"Batch 4 — Controllers (call-site verification of Batch 3)","`backend/controllers/sync.controller.js`",OPEN,"CLEAN","Hardcoded `tables` allowlist per wave → SyncRepository's table-name interpolation is safe here; churchId from JWT.","No action."
183,"Batch 4 — Controllers (call-site verification of Batch 3)","`backend/controllers/telegramChurch.controller.js`",OPEN,"NOTE","Church-scoped via JWT; spawn uses arg array (safe); parameterized upsert. `getConfig`/`saveConfig` fine.","No action."
208,"Batch 5 — Routes (mount + guard verification for every flagged controller)","`backend/routes/treasury.routes.js`",OPEN,"BLOCKER","All legacy treasury routes still live under `/api/treasury` — mounts the unscoped `treasury.controller` BLOCKER surface (cross-tenant approve/delete/budgets/pledges/campaigns). Auth + finance roles exist but tenant isolation absent.","Unmount or replace with scoped `modules/treasury` routes."
211,"Batch 5 — Routes (mount + guard verification for every flagged controller)","`backend/routes/payments.routes.js`",OPEN,"BLOCKER","Refund/payment/pledge/status routes live on the BLOCKER `payments.controller`/`payment.controller` (unscoped refund approval → real money cross-tenant).","Scope controllers; add role gates on refund/cancel."
215,"Batch 5 — Routes (mount + guard verification for every flagged controller)","`backend/routes/users.routes.js`",OPEN,"ISSUE","Trusts `x-tenant-church-id` header to pick church for directory/user lists → cross-tenant read if header honored. By-id ops (`getUserWithDepartments`, `updateUserProfile`, `assignRole`, `deactivate`, `softDelete`) have no church check on the target → admin roles act on other churches' users. `is_active` accepted in profile update body.","Derive church from JWT only; scope target-user checks; strip is_active from self-update."
218,"Batch 5 — Routes (mount + guard verification for every flagged controller)","`backend/routes/mpesa.routes.js`",OPEN,"ISSUE","`POST /stk-push` accepts `churchId` from `req.body` → initiate billable STK pushes attributed to arbitrary churches. Callback signature optional — warns only when `MPESA_CALLBACK_SECRET` unset → forgeable payment confirmations. `/history/:churchId` guard is correct (camelCase claim + Super Admin bypass).","Use `req.user.church_id`; fail closed when callback secret missing."
219,"Batch 5 — Routes (mount + guard verification for every flagged controller)","`backend/routes/galleryAlbums.routes.js`",OPEN,"ISSUE","`addPhotosToAlbum`/`removePhotoFromAlbum`/`updatePhotoOrder`/`setCoverPhoto` have NO role check → any member mutates albums; controller layer is unscoped → cross-tenant photo/album mutation.","Role-gate mutations; scope controller by-id ops."
220,"Batch 5 — Routes (mount + guard verification for every flagged controller)","`backend/routes/dashboard.routes.js`",OPEN,"ISSUE","Role-specific endpoints (`system-health`, `financial-stats`, `financial-health`, `transactions`, `ministry-health`, `department-*`) carry only `authenticateToken` — comments claim roles but none enforced → members read own church's treasury stats.","Add requireRole per endpoint."
221,"Batch 5 — Routes (mount + guard verification for every flagged controller)","`backend/routes/approvals.routes.js`",OPEN,"ISSUE","`DELETE /:id` returns `{success:true}` without deleting — fake endpoint. `POST /execute` + `PUT /:approvalId/step` hit the workflow engine with no role check. Static-route ordering correct.","Implement real delete; role-gate engine ops."
222,"Batch 5 — Routes (mount + guard verification for every flagged controller)","`backend/routes/content.routes.js`",OPEN,"ISSUE","`/:id` registered before `/scheduled`, `/check-duplicate`, `/export`, `/import`, `/analytics` → those routes are shadowed and unreachable (`GET /scheduled` → `getContentBySlug('scheduled')`). `GET /public/:slug` and `GET /:id` both hit church-unscoped slug lookup.","Move static routes above `/:id`; scope slug lookup."
223,"Batch 5 — Routes (mount + guard verification for every flagged controller)","`backend/routes/palette.routes.js`",OPEN,"NOTE","`GET /default` shadowed by `/:id` (id='default') → `getDefaultPalette` unreachable. Public palette reads acceptable. `set-default` properly role-gated but `resetAllDefaults()` is global (controller finding stands).","Reorder `/default` before `/:id`."
224,"Batch 5 — Routes (mount + guard verification for every flagged controller)","`backend/routes/manualPayment.routes.js`",OPEN,"NOTE","`GET /receipt/:receiptNumber` + `/receipt/:receiptNumber/generate` have no role gate → any member enumerates receipt numbers. Mutations are role-gated correctly.","Add role check on receipt reads."
225,"Batch 5 — Routes (mount + guard verification for every flagged controller)","`backend/routes/sms.routes.js`",OPEN,"NOTE","Read endpoints (`/logs`, `/history`, `/balance`, `/stats`, `/recent`, template analytics/versions/ab-tests, campaign reads) open to ANY authenticated member → exposes member phone numbers + spend data. Sends/campaign mutations correctly role-gated.","Gate reads to comms/admin roles."
226,"Batch 5 — Routes (mount + guard verification for every flagged controller)","`backend/routes/telegramAuth.routes.js`",OPEN,"NOTE","`startVerification`/`verify-auth` need only authentication (no role) — any member triggers Telegram auth-code generation; combined with controller BLOCKER (code returned in response) any member self-verifies. `/auth-methods` GET exposes config to all users.","Role-gate; fix controller code-in-response."
227,"Batch 5 — Routes (mount + guard verification for every flagged controller)","`backend/routes/collections.routes.js`",OPEN,"ISSUE","Auth-only on most routes — no ownership/role middleware on a controller whose ops are cross-tenant (Batch 4 BLOCKER stands, reachable).","Role-gate close/reopen; scope controller."
228,"Batch 5 — Routes (mount + guard verification for every flagged controller)","`backend/routes/chartOfAccounts.routes.js`",OPEN,"ISSUE","Only `authenticateToken` — no finance-role gate on a controller with zero church scoping (double failure).","Add Treasurer/Admin gate + scope controller."
229,"Batch 5 — Routes (mount + guard verification for every flagged controller)","`backend/routes/notifications.routes.js`",OPEN,"ISSUE","`create`/`push`/`bulk`/template endpoints need only auth → confirmed spoof/spam surface from Batch 4.","Admin-gate create/push/bulk/templates."
231,"Batch 5 — Routes (mount + guard verification for every flagged controller)","`backend/routes/chat.routes.js`",OPEN,"ISSUE","Auth only; no room-membership enforcement → unscoped `getMessages`/`sendMessage` reachable (Batch 4 ISSUE stands).","Verify room membership + room church."
232,"Batch 5 — Routes (mount + guard verification for every flagged controller)","`backend/routes/reconciliation.routes.js`",OPEN,"NOTE","Push/pending/verify gated to `Super Admin`/`Treasurer` — good; controller still unscoped → treasurer can verify another church's txns.","Scope `verifyTransaction` by church."
233,"Batch 5 — Routes (mount + guard verification for every flagged controller)","`backend/routes/fieldPermissions.routes.js`",OPEN,"ISSUE","Read/check endpoints authenticated but unscoped; `setFieldPermissions` reaches the self-escalation controller path if role guard is loose (verify).","Require admin + scope per church."
234,"Batch 5 — Routes (mount + guard verification for every flagged controller)","`backend/routes/mobile.routes.js`",OPEN,"NOTE","`router.use(authenticateToken)` runs before `/auth/login` → mobile login requires an existing token (likely dead path or intentional session-upgrade — verify). `sync/reset` IS role-gated Super Admin (resolves the controller's comment-only concern). Contact/SMS-log upload endpoints are user-scoped, fine.","Verify login flow intent."
235,"Batch 5 — Routes (mount + guard verification for every flagged controller)","`backend/routes/smsAuth.routes.js`",OPEN,"ISSUE","Login endpoint public (by design) but mounts controller that returns `church.api_key` (Batch 4 ISSUE stands, reachable).","Strip api_key from response."
236,"Batch 5 — Routes (mount + guard verification for every flagged controller)","`backend/routes/smsSync.routes.js`",OPEN,"NOTE","`authenticateToken` only; controller casing works due to dual identity claims; fail-open filtering noted in controller.","Fail closed in controller."
237,"Batch 5 — Routes (mount + guard verification for every flagged controller)","`backend/routes/gallery.routes.js`",OPEN,"ISSUE","Public image/search routes + authenticated routes hit mixed scoped/unscoped repo calls (Batch 4 ISSUE stands).","Scope public endpoints by resolved tenant, not param."
238,"Batch 5 — Routes (mount + guard verification for every flagged controller)","`backend/routes/documents.routes.js`",OPEN,"NOTE","Auth + role-gated writes; `GET /:id/download` open to any member — relies on controller `findById` scoping (verified scoped). Upload limiter present.","No route change; fix controller version-history scope."
240,"Batch 5 — Routes (mount + guard verification for every flagged controller)","`backend/routes/settings.routes.js`",OPEN,"NOTE","Writes/import/reset/backup properly `Super Admin`-gated. `GET /maintenance/mode` is public (leaks maintenance state — acceptable). `GET /public` uses `optionalAuth` + `?church=` selector.","Consider gating maintenance status read."
241,"Batch 5 — Routes (mount + guard verification for every flagged controller)","`backend/routes/projects.routes.js`",OPEN,"NOTE","Mutations role-gated; by-id GETs open to any member + controller unscoped → cross-tenant project read/analytics (Batch 4 ISSUE stands).","Scope by-id ops in controller."
242,"Batch 5 — Routes (mount + guard verification for every flagged controller)","`backend/routes/comments.routes.js`",OPEN,"NOTE","Auth only; controller passes church consistently. No ownership check at route level — relies on controller/repo.","Verify update/delete ownership check exists."
254,"Batch 5 — Routes (mount + guard verification for every flagged controller)","`backend/routes/fixedAssets.routes.js`",OPEN,"NOTE","Mutations role-gated; `GET /` and `/:id` open to any member (church-scoped in controller, fine); `dispose` gated but controller drops church on disposal write (Batch 4 finding).","Scope `disposeAsset` write."
258,"Batch 5 — Routes (mount + guard verification for every flagged controller)","`backend/routes/userSettings.routes.js`",OPEN,"NOTE","Auth-only; controller INSERT-builder bug + bcrypt inconsistency reachable here.","Fix controller builder."
260,"Batch 5 — Routes (mount + guard verification for every flagged controller)","`backend/routes/health.js`",OPEN,"NOTE","Public endpoints leak memory usage, pool stats, version — reconnaissance aid; `/db` exposes pool internals.","Gate detailed metrics behind auth/admin."
262,"Batch 5 — Routes (mount + guard verification for every flagged controller)","`backend/routes/logs.routes.js`",OPEN,"NOTE","Unauthenticated client-error ingestion — write-only spam/log-flooding vector; bounded field lengths.","Add rate limit."
263,"Batch 5 — Routes (mount + guard verification for every flagged controller)","`backend/routes/departments.routes.js` + `department.routes.js`",OPEN,"BLOCKER","Both mounted under `/api/departments*`-family surfaces — duplicate departmental routers with different scoping behavior (departments.routes has unscoped raw SQL; department.routes whitelists member columns in some queries but controller paths leak `u.*`).","Consolidate to one scoped router."
264,"Batch 5 — Routes (mount + guard verification for every flagged controller)","`backend/routes/payment.routes.js`",OPEN,"NOTE","**Not mounted anywhere** — dead file; `/api/payment` is only a 308 redirect to `/payments`.","Delete file."
265,"Batch 5 — Routes (mount + guard verification for every flagged controller)","`backend/routes/vendors.routes.js`",OPEN,"NOTE","**Not mounted** as standalone router — dead file (vendors reachable only via treasury.routes legacy mounts).","Delete file or mount intentionally."
266,"Batch 5 — Routes (mount + guard verification for every flagged controller)","`backend/routes/pledges.routes.js`",OPEN,"NOTE","**Not mounted** standalone — dead file; pledges surface comes from treasury.routes.","Delete file."
267,"Batch 5 — Routes (mount + guard verification for every flagged controller)","`backend/routes/recurringPayments.routes.js`",OPEN,"NOTE","**Not mounted** standalone — dead file; surface comes from treasury.routes.","Delete file."
277,"Batch 5 addendum — deep-verified corrections/enhancements (auditor pass over repo + route source)","`backend/controllers/reconciliation.controller.js`",OPEN,"BLOCKER","Correction to Batch 4/5: `verifyTransaction` is **dead code, not just unscoped** — `findById(transactionId)` and `verifyTransaction(...)` omit the repo's required `churchId` param → `church_id = NULL` never matches → `currentTx` undefined → `oldVal.edit_history` throws → endpoint always 500s (verified: repo signature `findById(id, churchId)`). Also: `pushFromRelay` never validates `transactions` is an array (non-array → TypeError → 500) and inserts sequentially without a transaction.","Pass `req.user.church_id`; validate array; wrap loop in a transaction."
279,"Batch 5 addendum — deep-verified corrections/enhancements (auditor pass over repo + route source)","`backend/controllers/reports.controller.js`",OPEN,"BLOCKER","Additions to Batch 4 row: `convertToCSV` escapes `""` as `\""` (invalid CSV — should be `""""` doubling) and lacks formula-injection guard (`=`/`+`/`-`/`@` prefixes execute in Excel). `GET /`, `POST /`, `GET /:id/download` are **placeholder stubs** returning fake UUID report objects / empty data (violates no-placeholder rule).","Fix CSV quoting + prefix guard; implement or remove stub routes."
280,"Batch 5 addendum — deep-verified corrections/enhancements (auditor pass over repo + route source)","`backend/controllers/projects.controller.js`",OPEN,"ISSUE","Additions to Batch 4 row: `POST /:id/contributions` (addContribution) has **no role check** — any member writes contributions with arbitrary `contributor_id`/`amount` to any project. `updateMilestone`/`deleteMilestone` operate on `milestoneId` alone — no verification it belongs to `:id`.","Role-gate contributions; join milestone→project→church check."
281,"Batch 5 addendum — deep-verified corrections/enhancements (auditor pass over repo + route source)","`backend/controllers/recurringPayments.controller.js`",OPEN,"NOTE","Additions to Batch 4 row: `handlePaymentFailure` has **no registered route** (dead method; `failureReason` also unused). `updateRecurringPayment` null `next_payment_date` is safe — repo uses COALESCE.","Remove dead method or wire route."
282,"Batch 5 addendum — deep-verified corrections/enhancements (auditor pass over repo + route source)","`backend/controllers/security.controller.js`",OPEN,"NOTE","Addition to Batch 4 row: `unblockIP` takes IP via `req.params` — IPv6/CIDR values containing `/` (e.g. `10.0.0.0/8`) can never match the route → those blocks can't be lifted via API.","Move IP to request body."
290,"Batch 6 — services / helpers / utils (~46 files)","`backend/helpers/reportScheduler.js`",OPEN,"BLOCKER — stored SQLi executed by cron. `generateReportData` interpolates `repor","Allowlist data-source/column/field/operator per source; bind all values; sanitize filename; add `church_id` scope.",""
293,"Batch 6 — services / helpers / utils (~46 files)","`backend/helpers/treasurySMSIntegration.js`",OPEN,"HIGH — cross-tenant SMS leak. `WHERE r.name = 'Treasurer'` queries (~lines 50, 2","Scope treasurer/settings queries by church_id passed from caller.",""
294,"Batch 6 — services / helpers / utils (~46 files)","`backend/helpers/paymentSMSIntegration.js`",OPEN,"Same global `sms_settings LIMIT 1` + hardcoded `sender_id=1` pattern (cross-tena","Scope settings per church; parameterize template name anyway.",""
295,"Batch 6 — services / helpers / utils (~46 files)","`backend/utils/mpesa.js`",OPEN,"HIGH — cross-tenant credentials. `getConfig()` reads `settings WHERE key LIKE 'm","Accept `churchId` in `getConfig`, key the cache per church, unify callback route.",""
296,"Batch 6 — services / helpers / utils (~46 files)","`backend/services/documentApprovalService.js`",OPEN,"Zero `church_id` anywhere — list/approve/reject operate across tenants (confirms","Thread churchId through every query; fix arg order.",""
298,"Batch 6 — services / helpers / utils (~46 files)","`backend/services/auditService.js`",OPEN,"`getAuditLogs` count query slices `values.slice(0, paramCount - 2)` — when filte","Pass the filter-params array (without limit/offset) to the count query.",""
299,"Batch 6 — services / helpers / utils (~46 files)","`backend/services/SnapshotService.js`",OPEN,"`collectChurchData` returns empty arrays for every entity — explicitly marked pl","Implement real queries or mark the feature unfinished; do not present as working.",""
300,"Batch 6 — services / helpers / utils (~46 files)","`backend/services/SmsHub.js`",OPEN,"`routeToJOSms` calls `serverIo.emit` — `serverIo` is never defined/imported → `R","Import/init socket.io reference or remove the emit.",""
301,"Batch 6 — services / helpers / utils (~46 files)","`backend/services/telegramService.js`",OPEN,"`syncToAnnouncements` inserts announcements with `created_by: 1` and no `church_","Add church_id to inserts; store links as markdown/plain; scope settings.",""
302,"Batch 6 — services / helpers / utils (~46 files)","`backend/services/notificationService.js`",OPEN,"`getNotificationHistory` interpolates `LIMIT ${filters.limit}` raw — caller pass","`parseInt` + clamp, or parameterize.",""
303,"Batch 6 — services / helpers / utils (~46 files)","`backend/services/FixedAssetService.js`",OPEN,"`declining_balance` path references bare identifier `useful_life` (should be `us","Rename to `usefulLife`.",""
304,"Batch 6 — services / helpers / utils (~46 files)","`backend/services/kopokopo.js`",OPEN,"Webhook signature compared with `!==` (~line 171) — not `crypto.timingSafeEqual`","Use `timingSafeEqual`; fail closed when secret missing.",""
305,"Batch 6 — services / helpers / utils (~46 files)","`backend/services/RollingUpdateService.js`",OPEN,"`setSnapshotRepository` defined twice (identical) — second def silently overwrit","Remove the duplicate.",""
306,"Batch 6 — services / helpers / utils (~46 files)","`backend/helpers/auditLog.js`",OPEN,"`logAudit` inserts into `audit_log` without `church_id` → rows invisible to the ","Add `church_id` to insert + schema.",""
308,"Batch 6 — services / helpers / utils (~46 files)","`backend/services/ActivityFeedService.js`",OPEN,"Broadcasts go to all WS clients via `activity` channel — no per-church room → cr","Emit to `church:{id}` rooms after WS auth lands.",""
309,"Batch 6 — services / helpers / utils (~46 files)","`backend/helpers/fieldPermissionService.js`",OPEN,"`filterFieldsByPermission` fails open — on error returns unfiltered data (~line ","Fail closed on error; align role source with auth middleware.",""
310,"Batch 6 — services / helpers / utils (~46 files)","`backend/services/ChartOfAccountsService.js`",OPEN,"Calls `findById`/`findByAccountCode`/`findByIdAndType` without churchId → accoun","Thread churchId through validation queries.",""
312,"Batch 6 — services / helpers / utils (~46 files)","`backend/helpers/errorHandler.js` + `backend/utils/errorHandler.js` + `backend/middleware/errorHandler.js`",OPEN,"Three parallel error-handler stacks with different response shapes (`{success:fa","Keep one; delete or re-export from the canonical file.",""
313,"Batch 6 — services / helpers / utils (~46 files)","`backend/utils/cursorPagination.js`",OPEN,"`buildSQLQuery` interpolates `tableName`, `orderBy`, `orderDirection`, `addition","Add identifier allowlists at the util or audit every caller.",""
344,"Batch 7 — modules/treasury (21 files)","`backend/modules/treasury/controllers/fund.controller.js`",OPEN,"`deleteFund` checks `fund.current_balance !== 0` — `pg` returns numerics as stri","`parseFloat(fund.current_balance) !== 0`.",""
346,"Batch 7 — modules/treasury (21 files)","`backend/modules/treasury/repositories/expense.repository.js`",OPEN,"`update()` writes `status = $10` straight from `req.body` via `Expense.toDatabas","Strip `status`/`approved_by`/`approved_at` from the update payload; keep transitions in dedicated methods only.",""
347,"Batch 7 — modules/treasury (21 files)","`backend/modules/treasury/repositories/journalEntry.repository.js`",OPEN,"`findAll` runs `getEntryLines(id)` per row — N+1 (up to 50 extra round-trips per","Batch-fetch lines with `WHERE journal_entry_id = ANY($1)`; add account-ownership check.",""
348,"Batch 7 — modules/treasury (21 files)","`backend/modules/treasury/models/JournalEntry.js`",OPEN,"`canEdit()` returns true for `posted` entries — combined with `updateJournalEntr","`canEdit` should be `status === 'draft'` only.",""
363,"Batch 8 — frontend shell (~28 files)","`frontend/src/main.jsx`",OPEN,"JWT stored in `localStorage` (`accessToken`) and sent as `Bearer` — XSS-readable","Drop localStorage token (cookie + SameSite=Strict already works); fire health check without blocking render; gate console dump on `import.meta.env.DEV`.",""
364,"Batch 8 — frontend shell (~28 files)","`frontend/src/contexts/AuthContext.jsx`",OPEN,"Two parallel axios configurations exist — global `axios.defaults`+interceptors (","Consolidate on the `api` instance; keep csrfToken in a ref so the instance is stable.",""
365,"Batch 8 — frontend shell (~28 files)","`frontend/src/components/ProtectedRoute.jsx`",OPEN,"Default `redirectTo='/login'` — no such route exists (login is `/auth/login`); t","Change default to `/auth/login`.",""
366,"Batch 8 — frontend shell (~28 files)","`frontend/src/router.jsx` + shells",OPEN,"All three shells re-run `axios.get('/api/health')` on mount purely for console l","Remove or dev-gate.",""
367,"Batch 8 — frontend shell (~28 files)","`frontend/src/shells/PlatformShell.jsx`",OPEN,"No mobile handling — fixed `w-64` sidebar + `ml-64` content with no responsive b","Add `lg:` breakpoints + overlay menu; lazy-load pages.",""
368,"Batch 8 — frontend shell (~28 files)","`frontend/src/hooks/useDataFetch.js`",OPEN,"Uses raw `axios`, not the AuthContext `api` instance — no CSRF header, no `/api`","Switch to `useAuth().api`.",""
369,"Batch 8 — frontend shell (~28 files)","`frontend/src/contexts/SettingsContext.jsx` + `MembersContext.jsx` + `GalleryContext.jsx`",OPEN,"`useMemo` dependency arrays list non-memoized functions (`fetchMembers`, `update","Wrap fns in `useCallback`; normalize envelope access via `ResponseHandler` shape.",""
371,"Batch 8 — frontend shell (~28 files)","`frontend/src/contexts/ToastContext.jsx`",OPEN,"`position` option is accepted and stored but the container class is hardcoded `t","Apply `positionClasses[toast.position]`.",""
372,"Batch 8 — frontend shell (~28 files)","`frontend/src/hooks/useActivityFeed.js`",OPEN,"`addActivity` is a stub — comment admits the POST is commented out; ""optimistic""","Remove stub or implement; skip retries on 4xx.",""
373,"Batch 8 — frontend shell (~28 files)","`frontend/src/router/dashboard.routes.jsx`",OPEN,"Role groups redefined inline (`LEADERSHIP_ROLES` omits `Subcommittee Head`/`Subc","Import from `constants/roles.js`.",""
375,"Batch 8 — frontend shell (~28 files)","`frontend/src/constants/validation.js`",OPEN,"`MIN_PASSWORD_LENGTH: 6` — weaker than backend rules (bcrypt + HIBP + likely ≥8)","Align with backend minimum.",""
397,"Batch 1+2 RE-AUDIT — second-pass findings (incl. dormant bugs)","`backend/routes/index.routes.js`",OPEN,"NOTE","NEW: `/treasury/dashboard` + `/treasury/chart-of-accounts` mounted AFTER two `/treasury` routers (lines 95,99) — only reachable via fallthrough; fragile if either parent router ever adds a catch-all/`/:id`. NEW: `accountingExport.controller.js` (Batch-4 BLOCKER) is **not mounted anywhere** — unreachable dead code; still must be fixed-or-deleted, not left live.","Move sub-mounts above `/treasury` parents for clarity; delete or scope+mount accountingExport."
400,"Batch 1+2 RE-AUDIT — second-pass findings (incl. dormant bugs)","`backend/config/logging.js`",OPEN,"NOTE","CONFIRMED + expanded: redact list still missing `req.body.newPassword`, `req.body.currentPassword`, `req.body.oldPassword`, `req.body.phone`, `req.body.otp`, `req.body.code`, `req.body.token`, `req.body.mfaSecret`, `new_value`, `old_value` (audit-log objects carry before/after snapshots).","Extend `redact.paths`."
401,"Batch 1+2 RE-AUDIT — second-pass findings (incl. dormant bugs)","`backend/config/platformJwt.js`",OPEN,"ISSUE","CONFIRMED verbatim: `getPlatformJwtSecret()` returns `process.env.JWT_SECRET` — platform and church tokens share one secret with no `iss`/`aud`/`type` enforcement in `platformAuth.js`.","`PLATFORM_JWT_SECRET` env + `iss`/`aud`/`type` on sign+verify."
402,"Batch 1+2 RE-AUDIT — second-pass findings (incl. dormant bugs)","`backend/middleware/auth.js`",OPEN,"ISSUE","CONFIRMED all prior findings. NEW: expired/invalid tokens return **403** (should be 401) — clients can't distinguish ""bad token"" from ""forbidden"". NEW: `IdentityService.getIdentity` returning null (deleted user) → `buildUserIdentity(null)` throws TypeError → caught → 403 (works, wrong signal). NEW: `requireDepartmentPermission` — `permissions.includes(permission)` throws 500 if `dp.permissions` JSONB is a non-array. `optionalAuth` skips the cache → DB hit per public request with a token.","Return 401; null-guard identity; Array.isArray check; share the cache."
403,"Batch 1+2 RE-AUDIT — second-pass findings (incl. dormant bugs)","`backend/middleware/churchContext.js`",OPEN,"NOTE","Downgraded to dormant: middleware is **commented out in app.js** — `set_config`-on-random-connection bug never fires. NEW: even if re-enabled it runs before `authenticateToken` → `req.user.id` is always undefined at that point (user-context set_config would never execute). `strictChurchContext` exported but unused anywhere.","If re-enabled: run after auth + use `pool.connect()` dedicated client; else delete file."
404,"Batch 1+2 RE-AUDIT — second-pass findings (incl. dormant bugs)","`backend/middleware/csrf.js`",OPEN,"ISSUE","CONFIRMED + sharpened: `validateCSRFToken` accepts **any 64-char string** — the token is never stored/compared, so `x-csrf-token: <64 hex>` always passes; `/api/csrf-token` minting for anyone is irrelevant — the middleware protects nothing for cookie-auth requests (Bearer exemption already correct). Effectively dead security layer.","Implement real double-submit (sign token with session-bound HMAC) or remove."
406,"Batch 1+2 RE-AUDIT — second-pass findings (incl. dormant bugs)","`backend/middleware/identityGuard.js`",OPEN,"ISSUE","CONFIRMED + severity raised — it IS live (mounted on every `/api/department-features/*` route). Dead tenant check confirmed (`req.churchId` never set — resolver writes `req.church_id`). NEW: **MFA lockout** — `identity.mfaVerified` is hardcoded `false` in IdentityService, so any admin with `mfaEnabled=true` gets 403 on all department-features routes. Compounds the Batch-4 `departmentFeatures.controller` `req.church_id` header-trust exploit (identityGuard can't catch the header-set tenant).","Read `req.church_id`; fix mfaVerified source; or retire in favor of authenticateToken+isActive check."
408,"Batch 1+2 RE-AUDIT — second-pass findings (incl. dormant bugs)","`backend/middleware/platformAuth.js`",OPEN,"ISSUE","CONFIRMED + sharpened: `jwt.verify` checks signature only — no `type`/`iss`/`aud` claim check (Batch-2 finding). `console.error` confirmed (line 75). `requirePlatformPermission` uses `.every()` (all perms required — correct).","Check `decoded.type === 'platform'`; route via logger."
409,"Batch 1+2 RE-AUDIT — second-pass findings (incl. dormant bugs)","`backend/middleware/rateLimiter.js`",OPEN,"NOTE","NEW: `isRedisAvailable = redisCache.isConnected` evaluated **once at module load** — if Redis connects after boot, all limiters stay in-memory until restart. `platformAuthLimiter` exported but verify it's actually mounted on `/platform/auth`.","Re-check Redis lazily; verify platform mount."
412,"Batch 1+2 RE-AUDIT — second-pass findings (incl. dormant bugs)","`backend/middleware/tenantResolver.js`",OPEN,"ISSUE","CONFIRMED + expanded: **Host-header spoofing** — `req.headers.host` is client-controlled; `Host: victim-church.msabato.co.ke` to the origin resolves that tenant (Caddy passes it through). `x-tenant-slug` unconditional trust confirmed. NEW: `req.params.tenant_slug` fallback (line 78) is **dead code** — `req.params` is `{}` in `app.use` middleware. NEW: cache stores only `{id}` — a suspended church keeps resolving for up to 10min (is_active never re-checked on hit). NEW: every unknown slug costs 2 uncached DB queries (exact + LOWER/TRIM fallback) → unauthenticated DB amplification. `console.error` confirmed.","Verify Host against known domains; require auth or shared-secret for header override; cache is_active + revalidate; cache negative lookups briefly; use logger."
415,"Batch 1+2 RE-AUDIT — second-pass findings (incl. dormant bugs)","`backend/middleware/validation.js`",OPEN,"NOTE","CONFIRMED + expanded: `validateRequest` echoes `err.value` back (passwords echo on failed change-password validation). NEW: **`commonValidations`, `sanitizeInput`, `validateFile`, `validateLength`, `validatePattern` are all dead exports** — verified unused via repo-wide grep (only `validate` + `validationRules` are imported). Dormant bugs in the dead code: `commonValidations.id` requires `isInt` → would reject every UUID if ever wired; `sanitizeInput` wildcard-escapes ALL body fields → would corrupt passwords containing `&<>'""` if ever wired. `validationRules.user.changePassword` min 8 < `validatePasswordStrength` policy (upper/lower/number/special) → weak passwords pass route validation then get a different error later.","Delete dead exports (or fix before any wiring); stop echoing err.value; align password rule with helpers/security.js."
416,"Batch 1+2 RE-AUDIT — second-pass findings (incl. dormant bugs)","`backend/helpers/security.js`",OPEN,"ISSUE","CONFIRMED token-claim finding. **CORRECTION** to Batch 2: `hibp.pwnedPasswordRange` returns a `Promise<number>` — the `count` field is a number, not an object (earlier note was wrong). NEW: no `iss`/`aud`/`type`/`jti`/`churchId` claims on either token type; refresh token has no session id to revoke. `verifyMFAToken` window ±2 (~2min skew acceptance — lenient but OK). bcryptjs@12 here vs bcrypt@10 in userSettings.controller (Batch-4 mismatch confirmed — hashes are compatible, cost isn't).","Add iss/aud/type/jti; single bcrypt lib + cost factor."
418,"Batch 1+2 RE-AUDIT — second-pass findings (incl. dormant bugs)","`backend/services/IdentityService.js`",OPEN,"NOTE","Prior findings stand; `mfaVerified:false` hardcode now confirmed as the root of the identityGuard department-features lockout above.","Compute mfaVerified from session/token, not hardcoded."
419,"Batch 1+2 RE-AUDIT — second-pass findings (incl. dormant bugs)","`backend/controllers/auth.controller.js`",OPEN,"ISSUE","Prior findings stand (broken MFA setup, no reset email — but note `emailService.sendPasswordReset` EXISTS per Batch 6, so the fix is wiring not a missing mailer).","Wire `sendPasswordReset`; fix repo method names."
420,"Batch 1+2 RE-AUDIT — second-pass findings (incl. dormant bugs)","`backend/repositories/AuthRepository.js`",OPEN,"ISSUE","Prior findings stand (replayable reset tokens, plaintext storage, raw refresh tokens in session list).","Filter used/expired; hash at rest; mask sessions."
421,"Batch 1+2 RE-AUDIT — second-pass findings (incl. dormant bugs)","`backend/controllers/platformAuth.controller.js`",OPEN,"ISSUE","Prior finding stands (`type:'platform'` signed but never enforced).","Enforce in platformAuth middleware."
434,"Next batch to audit","`components/common/Header.jsx`",OPEN,"(1) Reads `user?.firstName/lastName` but AuthContext normalizes to `first_name/l","Fix field names; repoint links; wire or remove the bell/dot.",""
435,"Next batch to audit","`components/common/StatsCard.jsx`",OPEN,"`role=""button""` + `tabIndex={0}` applied unconditionally (even with no onClick/l","Gate interactive a11y attrs on `onClick \","\"
436,"Next batch to audit","`components/common/GmailMessageList.jsx`",OPEN,"`onSelectAll` prop accepted but never used (dead prop). Row-level delete is hove","Remove dead prop; always show row actions on `md:hidden`; raise FAB above nav.",""
441,"Next batch to audit","`components/common/ProtectedComponent.jsx`",OPEN,"`RequestAccessButton` default action is `console.log` — dead feature shipped as ","Wire a real request endpoint or hide when `onRequest` absent.",""
442,"Next batch to audit","`components/departments/ActivityFeed.jsx`",OPEN,"Every icon/button is a `.w-4 h-4`/`p-2` 36px-ish target — several `min-h-[44px]`","Bump icon buttons to 44px; drop `index` from keys.",""
444,"Next batch to audit","`components/documentation/DocumentationManager.jsx`",OPEN,"Builds a third axios instance (`docApi`) — localStorage Bearer, no `/api` prefix","Use `useAuth().api`; guard title/category nulls; implement or remove Export/Import.",""
445,"Next batch to audit","`components/events/CollectionTracker.jsx`",OPEN,"`getStatusColor()` returns 4 mutually-conflicting classes in one string (e.g. `b","Split class string; drop on-solid from form fields; guard NaN.",""
447,"Next batch to audit","`components/gallery/ApplePhotoGrid.jsx`",OPEN,"`grid gap-${gap}` is a dynamic Tailwind class — never compiled → `gap` prop sile","Use inline `gap` style + listen on window.",""
449,"Next batch to audit","`components/gallery/GalleryNavigation.jsx`",OPEN,"Fixed `w-64` left nav, no mobile handling — on a phone it consumes half the view","Add mobile drawer handling; drop dead imports.",""
451,"Next batch to audit","`components/mobile/MobileDashboard.jsx`",OPEN,"Logout calls `api.post('/api/auth/logout')` then `navigate('/')` — bypasses `use","Use `logout()` from context.",""
453,"Next batch to audit","`components/public/MinistriesCarousel.jsx`",OPEN,"Carousel cards link to `/departments/:slug` and footer to `/departments` — no pu","Route to a real departments page or make cards non-link; add pause.",""
455,"Next batch to audit","`components/public/LiveStreamSection.jsx`",OPEN,"""Watch Live"" links to `/#live-stream` (anchors to itself — does nothing); YouTub","Point at real stream/channel settings.",""
456,"Next batch to audit","`components/public/ServiceTimes.jsx`",OPEN,"`addToCalendar` builds a Google Calendar link with today's date for every servic","Compute next occurrence of the service's weekday.",""
457,"Next batch to audit","`components/public/FeaturedPhotos.jsx`",OPEN,"Cards link to `/gallery/album/${album_id \","\","'default'}` — no `gallery/album/:id` route exists → dead links."
460,"Next batch to audit","`components/settings/PaletteSelector.jsx`",OPEN,"Live-edits `colors.*` via `updateColors` on every keystroke into a text input → ","Debounce + validate hex before applying.",""
473,"Batch 10a — treasury pages (13 files) + router cross-check","`router/dashboard.routes.jsx`",OPEN,"(1) Same `Documents` page mounted twice: `admin/documents` (ADMIN_ROLES) and `do","Remove ungated `documents` mount; delete or wire `Notifications.jsx`.",""
475,"Batch 10a — treasury pages (13 files) + router cross-check","`pages/treasury/Expenses.jsx`",OPEN,"`expense.expense_number.toLowerCase()` crashes on null. `canApprove` hardcodes r","\","data` shape. Native `confirm()` for delete."
476,"Batch 10a — treasury pages (13 files) + router cross-check","`pages/treasury/JournalEntries.jsx`",OPEN,"All inputs carry `text-[var(--color-text)] text-[var(--color-on-solid)]` → on-so","Drop on-solid class; parseFloat display; fetch full entry w/ lines before edit.",""
479,"Batch 10a — treasury pages (13 files) + router cross-check","`pages/treasury/Budgets.jsx`",OPEN,"`actual_amount` null → `variance` NaN → renders ""KES NaN"" (`?? 0` doesn't catch ","`Number.isFinite` guard; derive years from data.",""
480,"Batch 10a — treasury pages (13 files) + router cross-check","`pages/treasury/TreasuryAnalytics.jsx`",OPEN,"Income bar hardcoded `width:'100%'` (always full). Expense bar `(expenses/income","Normalize both bars to share of max; parseFloat.",""
499,"Batch 10b — departments pages (in progress)","`pages/departments/DepartmentsList.jsx`",OPEN,"(1) `navigate(..., {state:{isAdmin:true}})` — hardcodes `isAdmin:true` for EVERY","Compute isAdmin from userRoles; render children nested under parents; use SDA_CATEGORIES.",""
508,"Batch 10b — departments pages (in progress)","`pages/departments/DepartmentOverview.jsx`",OPEN,"Two dead links verified against router: `/dashboard/departments/new` (no route) ","Remove/retarget links; fix hover classes.",""
509,"Batch 10b — departments pages (in progress)","`pages/departments/DepartmentHandover.jsx`",OPEN,"N+1 fetch: one `/departments/:id/subcommittees` call per department (~25+ parall","Backend could return subs in one call; acceptable short-term.",""
510,"Batch 10b — departments pages (in progress)","`pages/departments/DepartmentHeadAllocation.jsx`",OPEN,"Same N+1 ×2 per dept (leadership + handovers ≈ 50 requests). `api.get('/users')`","Consider single aggregate endpoint or lazy-load per dept.",""
526,"Batch 10c — dashboards, payments, collections, members, events, announcements, approvals, notifications","`pages/payments/PaymentHistory.jsx`",OPEN,"`payment.id.toLowerCase()` crashes if `id` is numeric serial (check id type — `.","Null/type-guard id; implement or remove View; use var colors.",""
527,"Batch 10c — dashboards, payments, collections, members, events, announcements, approvals, notifications","`pages/payments/PaymentManagement.jsx`",OPEN,"`member_id` is a free-text input labeled ""Member Name"" → arbitrary text stored i","Replace with member picker bound to user id; add error toasts.",""
531,"Batch 10c — dashboards, payments, collections, members, events, announcements, approvals, notifications","`pages/events/Events.jsx`",OPEN,"Form collects `category` and `organizer` but FormData never appends them — silen","Append `category`/`organizer` to FormData.",""
547,"Batch 3–8 RE-AUDIT — independent verification of every major claim + new findings (second pass)","`backend/repositories/TreasuryDashboardRepository.js`",OPEN,"BLOCKER","**VERIFIED.** `INTERVAL '${days} days'` at line 62; other queries in the same file ARE correctly church-scoped (lines 22-24) — injection is confined to `getIncomeExpenseTrend`.","grep `INTERVAL` — 7 hits, 1 interpolated."
548,"Batch 3–8 RE-AUDIT — independent verification of every major claim + new findings (second pass)","`backend/routes/treasuryDashboard.routes.js`",OPEN,"BLOCKER","**VERIFIED.** `router.use(authenticateToken)` only — zero `requireRole`; every member reaches the SQLi endpoint + cross-tenant aggregates; line 17 mounts legacy unscoped `treasuryController.getFundBalance`.","Full file read (34 lines)."
549,"Batch 3–8 RE-AUDIT — independent verification of every major claim + new findings (second pass)","`backend/helpers/websocket.js`",OPEN,"BLOCKER","**VERIFIED.** `extractUserId` = `url.searchParams.get('userId')` (line 61) — no token/signature anywhere; `clients` map keyed by attacker-chosen userId; `handleSubscribe` trusts client-supplied channels. Compounds `server.js` double-bind.","grep + read lines 16-128."
550,"Batch 3–8 RE-AUDIT — independent verification of every major claim + new findings (second pass)","`backend/helpers/finance.js`",OPEN,"BLOCKER","**VERIFIED.** Unterminated `'posted` literal at line 212 (lines 22/80/149 correctly quote `'posted'`); `church_id` appears **0 times** in file → trial balance/income statement/balance sheet all cross-tenant; balance-sheet query always throws.","grep `posted"
551,"Batch 3–8 RE-AUDIT — independent verification of every major claim + new findings (second pass)","`backend/helpers/reportScheduler.js`",OPEN,"BLOCKER","**VERIFIED.** Line 156 `AND ${filter.field} ${filter.operator} $${paramIndex++}` raw interpolation; `church_id` never appears; filename `${report.name}_${Date.now()}.pdf` unsanitized. Stored-SQLi-on-cron chain confirmed.","grep — 6 hits."
552,"Batch 3–8 RE-AUDIT — independent verification of every major claim + new findings (second pass)","`backend/utils/mpesa.js`",OPEN,"HIGH confirmed","**VERIFIED.** `WHERE key LIKE 'mpesa_%'` with no church filter (line 23); single cached config shared by all tenants.","grep — 17 hits, no church anywhere."
554,"Batch 3–8 RE-AUDIT — independent verification of every major claim + new findings (second pass)","`backend/controllers/members.controller.js`",OPEN,"BLOCKER","**VERIFIED.** `oldMember` fetched scoped at 185/241 then `updateMember`/`deleteMember` run unconditionally — no `if (!oldMember)` guard anywhere in either method.","Read 183-196, 239-252."
558,"Batch 3–8 RE-AUDIT — independent verification of every major claim + new findings (second pass)","`backend/controllers/payment.controller.js`",OPEN,"BLOCKER","**VERIFIED.** `getPaymentsWithFilters(filters, null, …)` at line 320 — `null` church confirmed; `approveRefund`/`rejectRefund` pass no churchId (596/651). NOTE: `PaymentRepository.updateStatus` (singular repo) DOES take churchId (74/259) — the two-repo split-brain pattern.","Read 310-339 + grep."
560,"Batch 3–8 RE-AUDIT — independent verification of every major claim + new findings (second pass)","`backend/routes/mpesa.routes.js`",OPEN,"ISSUE","**VERIFIED.** `/stk-push` takes `churchId` from `req.body` (line 22) → billable pushes attributed to arbitrary churches; mounted under `/api/mpesa` with `generalLimiter` (index.routes:131). `/history/:churchId` guard correct (line 125).","grep."
561,"Batch 3–8 RE-AUDIT — independent verification of every major claim + new findings (second pass)","`backend/routes/approvals.routes.js`",OPEN,"ISSUE","**VERIFIED.** `DELETE /:id` returns `{success:true}` with zero repo calls — fake endpoint (lines 29-30).","grep."
562,"Batch 3–8 RE-AUDIT — independent verification of every major claim + new findings (second pass)","`backend/routes/mobile.routes.js`",OPEN,"ISSUE","**VERIFIED.** `router.use(authenticateToken)` at line 7 wraps `/auth/login` (59) and `/auth/refresh` (60) → those endpoints can't serve their stated purpose inside this router — dead paths (mobile login works via `/api/auth`).","grep router.* — 34 defs."
563,"Batch 3–8 RE-AUDIT — independent verification of every major claim + new findings (second pass)","`backend/routes/health.js`",OPEN,"NOTE","**VERIFIED.** Public endpoints leak memory stats, pool internals, and raw `error.message` on `/`, `/db`, `/redis`, `/memory`.","Full file read."
564,"Batch 3–8 RE-AUDIT — independent verification of every major claim + new findings (second pass)","`backend/routes/logs.routes.js`",OPEN,"NOTE","**VERIFIED.** Unauthenticated `POST /client-error`; field lengths bounded (good) but no rate limit → log-flood vector.","Full file read."
565,"Batch 3–8 RE-AUDIT — independent verification of every major claim + new findings (second pass)","`backend/routes/content.routes.js`",OPEN,"ISSUE","**VERIFIED + refinement:** `GET /:id` (line 34) shadows `/scheduled` (67), `/check-duplicate` (74), `/export` (75), `/analytics` (77) — all unreachable. **But** `POST /import` (76) is NOT shadowed (no bare `POST /:id` exists), and `/public/:slug` + `/website-settings` registered before `/:id` so they're fine.","Full route-table grep."
566,"Batch 3–8 RE-AUDIT — independent verification of every major claim + new findings (second pass)","`backend/routes/palette.routes.js`",OPEN,"NOTE","**VERIFIED + refinement:** `GET /default` (12) shadowed by `GET /:id` (10) — confirmed unreachable. **But** `/name/:name` (11) is two-segment — `/:id` can't match it → NOT shadowed.","Route-order read."
567,"Batch 3–8 RE-AUDIT — independent verification of every major claim + new findings (second pass)","`backend/routes/users.routes.js`",OPEN,"ISSUE","**Refinement:** `x-tenant-church-id` is a **fallback** (`req.user.church_id \","\"
568,"Batch 3–8 RE-AUDIT — independent verification of every major claim + new findings (second pass)","`backend/services/auditService.js`",OPEN,"NOTE — CORRECTION + dormant","**Corrected math:** `values.slice(0, paramCount - 2)` yields F+1 params for F placeholders **always** (F=0 → 1 param for 0 placeholders) → `bind message supplies` error on EVERY call, not just filtered. **However** `auditService.query`/`getAuditLogs` has **zero callers** — audit-logs.routes uses `AuditLogRepository` → dormant-broken, not live. `auditService.log` is the live path (13 call sites).","Caller grep `auditService.query` → 0 hits."
569,"Batch 3–8 RE-AUDIT — independent verification of every major claim + new findings (second pass)","`backend/services/FixedAssetService.js`",OPEN,"ISSUE — UPGRADED","**Worse than recorded:** bare `useful_life` at line 79 sits in the **straight-line** branch of `generateDepreciationSchedule` → schedule generation throws ReferenceError for **every** asset, not just declining-balance (23/81 hit declining-balance paths).","grep lines 23/79/81."
570,"Batch 3–8 RE-AUDIT — independent verification of every major claim + new findings (second pass)","`backend/repositories/UserSettingsRepository.js`",OPEN,"ISSUE — UPGRADED","**Double-broken INSERT:** column list is built from SET-clause strings (`""email_notifications = $1""` used as a column name → syntax error) AND placeholders collide (updates reference `$1..$n` but `user_id` occupies `$1`; VALUES generates `$2..$n+1`) → `createUserPreferencesWithFields` can never succeed. `changePassword` bcrypt@10 vs bcryptjs@12 confirmed (line 112).","Read 75-114."
572,"Batch 3–8 RE-AUDIT — independent verification of every major claim + new findings (second pass)","`backend/modules/treasury/controllers/fund.controller.js`",OPEN,"ISSUE","**VERIFIED.** `fund.current_balance !== 0` at line 116 — pg numerics arrive as strings → `""0.00"" !== 0` always true → funds undeletable.","grep."
574,"Batch 3–8 RE-AUDIT — independent verification of every major claim + new findings (second pass)","`backend/modules/treasury/repositories/expense.repository.js`",OPEN,"ISSUE","**VERIFIED.** `update()` field list includes `data.status` (line 109) → PUT can write `status:'paid'` bypassing approve→pay. Controller compounds it: `new Expense({...req.body, id})` at 120 passes body straight through.","grep + controller line 120."
575,"Batch 3–8 RE-AUDIT — independent verification of every major claim + new findings (second pass)","`backend/modules/treasury/models/JournalEntry.js`",OPEN,"ISSUE","**VERIFIED.** `canEdit()` = `draft \","\"
576,"Batch 3–8 RE-AUDIT — independent verification of every major claim + new findings (second pass)","`backend/modules/treasury/repositories/journalEntry.repository.js`",OPEN,"ISSUE","**VERIFIED.** `findAll` maps `getEntryLines(row.id)` per row inside `Promise.all` (line 65-66) — N+1 confirmed.","grep."
577,"Batch 3–8 RE-AUDIT — independent verification of every major claim + new findings (second pass)","`backend/repositories/DepartmentRepository.js`",OPEN,"BLOCKER","**VERIFIED.** `SELECT u.*, dm.role` at lines 77 and 88 — `password_hash`/`mfa_secret`/`password_reset_*` leak to any member-list caller.","grep `u.*` — 2 hits."
578,"Batch 3–8 RE-AUDIT — independent verification of every major claim + new findings (second pass)","`backend/controllers/auth.controller.js`",OPEN,"ISSUE","**VERIFIED both halves.** `enableMFA` line 646 uses `user.email` — `user` never defined (only `userId`) → ReferenceError → MFA setup always 500s. `forgotPassword` logs ""email delivery not configured"" and returns (line 494) — `sendPasswordReset` exists in emailService, never called.","Read 640-669, 471-500."
579,"Batch 3–8 RE-AUDIT — independent verification of every major claim + new findings (second pass)","`frontend/src/components/ProtectedRoute.jsx`",OPEN,"ISSUE","**VERIFIED.** `redirectTo = '/login'` default (line 27); login lives at `/auth/login` → unauthenticated users hit the `*` catch-all → `/` instead of login.","grep."
580,"Batch 3–8 RE-AUDIT — independent verification of every major claim + new findings (second pass)","`frontend/src/hooks/useDataFetch.js`",OPEN,"ISSUE","**VERIFIED + refinement.** Raw `axios.get` (line 39) — the comment claims ""configured axios instance"" but it's the global default: Bearer interceptor from main.jsx applies, CSRF header from AuthContext's `api` instance does NOT → write-capable callers via this hook lack CSRF header (harmless today only because CSRF validation is theater — see middleware row).","Read + grep."
581,"Batch 3–8 RE-AUDIT — independent verification of every major claim + new findings (second pass)","`frontend/src/components/common/Loading.jsx`",OPEN,"ISSUE","**VERIFIED.** `useColorPalette()` at line 24 never imported → `InlineLoading` ReferenceErrors on render; `colors` unused anyway.","Full file read."
582,"Batch 3–8 RE-AUDIT — independent verification of every major claim + new findings (second pass)","`frontend/src/components/common/EmptyState.jsx`",OPEN,"ISSUE","**VERIFIED.** `<action>`/`<secondaryAction>` lowercase JSX (lines 62/73) → literal DOM elements, icons never render. NEW micro: `action && onAction` both required — passing only an icon silently drops the button; invalid `size` prop → undefined class.","Full file read."
585,"Batch 3–8 RE-AUDIT — independent verification of every major claim + new findings (second pass)","`backend/controllers/accountingExport.controller.js`",OPEN,"BLOCKER","**VERIFIED unmounted** — only references are itself, generated READMEs, the ledger header note, and a scripts/ mapping. Dormant BLOCKER: fix-or-delete, do not mount unscoped.","Repo-wide grep `accountingExport"
586,"Batch 3–8 RE-AUDIT — independent verification of every major claim + new findings (second pass)","`backend/services/SnapshotService.js`",OPEN,"ISSUE","**VERIFIED.** `collectChurchData` returns `[]` ×4 (lines 87/92/97/102) — every snapshot/export empty.","grep."
587,"Batch 3–8 RE-AUDIT — independent verification of every major claim + new findings (second pass)","`backend/services/SmsHub.js`",OPEN,"ISSUE","**VERIFIED.** `serverIo` appears exactly once (line 35) — undeclared identifier → ReferenceError whenever `routeToJOSms` runs.","grep `serverIo` — 1 hit."
588,"Batch 3–8 RE-AUDIT — independent verification of every major claim + new findings (second pass)","`backend/services/notificationService.js`",OPEN,"ISSUE","**VERIFIED.** `LIMIT ${filters.limit \","\"
605,"Batch 10d — remaining pages (auth, profile, admin, platform, public, gallery, telegram, misc, sms)","`pages/auth/Login.jsx`",OPEN,"Renders a demo-credentials box listing real-looking logins (`admin@sda.org/admin","Remove demo box behind a dev-only flag.",""
609,"Batch 10d — remaining pages (auth, profile, admin, platform, public, gallery, telegram, misc, sms)","`pages/profile/ProfileManagement.jsx`",OPEN,"Two password surfaces disagree — this page enforces minLength 6 while Profile.js","Align min length to 8; wire or remove avatar button.",""
614,"Batch 10d — remaining pages (auth, profile, admin, platform, public, gallery, telegram, misc, sms)","`pages/users/UserManagement.jsx`",OPEN,"Fetches `/users` with no `limit` param → backend default caps at 50 rows; no pag","Add `limit`/`page` params + pagination UI.",""
617,"Batch 10d — remaining pages (auth, profile, admin, platform, public, gallery, telegram, misc, sms)","`pages/gallery/GalleryManagement.jsx`",OPEN,"Pagination broken: `usePaginatedFetch` owns `setPage` but page declares a shadow","Destructure hook's `setPage`; load account info from API; implement or hide sync.",""
621,"Batch 10d — remaining pages (auth, profile, admin, platform, public, gallery, telegram, misc, sms)","`pages/telegram/Telegram.jsx`",OPEN,"Stub — 5 tabs render only descriptive text; `api` imported unused; array misname","Implement or hide.",""
626,"Batch 10d — remaining pages (auth, profile, admin, platform, public, gallery, telegram, misc, sms)","`pages/security/Security.jsx`",OPEN,"`/security/settings` + `/audit-logs` mounts verified. `parseInt(e.target.value)`","Guard parse; wire or remove Export; confirm settings are enforced server-side.",""
629,"Batch 10d — remaining pages (auth, profile, admin, platform, public, gallery, telegram, misc, sms)","`pages/notifications/Notifications.jsx`",OPEN,"Dead duplicate of NotificationDashboard — not imported by any route; uses hardco","Delete file (NotificationDashboard is the live version).",""
630,"Batch 10d — remaining pages (auth, profile, admin, platform, public, gallery, telegram, misc, sms)","`sms/SMS.jsx`",OPEN,"Compose tab functional (`/sms/send-blessed` verified) but 5 of 6 tabs are ""will ","Wire tabs to real endpoints (`/sms/templates`, `/sms/campaigns` exist) or remove tabs; clarify group-recipient payload.",""
632,"Batch 10d — remaining pages (auth, profile, admin, platform, public, gallery, telegram, misc, sms)","`modules/sms/pages/Contacts.jsx`, `Groups.jsx`",OPEN,"Functional (proper `api` instance, CRUD + CSV export + group member modal all mo","Debounce search; null-guard group lookup.",""
646,"Batch 11 — Mobile Flutter `lib/` (14 files)","`services/api_service.dart`",OPEN,"Debug `LogInterceptor` logs full `requestBody`/`responseBody` + login debugPrint","Strip bodies from LogInterceptor (headersOnly) and remove response debugPrints.",""
648,"Batch 11 — Mobile Flutter `lib/` (14 files)","`services/biometric_service.dart`",OPEN,"Stores the raw user password in `FlutterSecureStorage` (`_biometricPasswordKey`)","Store a refresh token or device-bound credential instead of the password.",""
649,"Batch 11 — Mobile Flutter `lib/` (14 files)","`services/update_service.dart`",OPEN,"`checkForUpdate` returns `latestVersion != null` — version comparison is comment","Restore version comparison (compare semantic versions) or disable the check entirely until implemented.",""
650,"Batch 11 — Mobile Flutter `lib/` (14 files)","`services/media_service.dart`",OPEN,"`_isAndroid13OrHigher()` is hardcoded `return true` → storage permission is neve","Use `device_info_plus` for real SDK check; implement or remove compressImage.",""
651,"Batch 11 — Mobile Flutter `lib/` (14 files)","`services/firebase_service.dart`",OPEN,"Notification tap routing is TODO — announcement/payment/event message types all ","Wire navigation via GoRouter; scope topics per church or drop topic subs; don't log full FCM token.",""
652,"Batch 11 — Mobile Flutter `lib/` (14 files)","`services/socket_service.dart`",OPEN,"Placeholder telemetry: `_getDeviceId()` returns `flutter_device_${timestamp}` (n","Use `device_info_plus`/`battery_plus` or remove the service until SMS-relay feature ships.",""
653,"Batch 11 — Mobile Flutter `lib/` (14 files)","`services/config.dart`",OPEN,"`enableLogging = true` constant (compounds the api_service body-logging issue). ","Gate logging on `kDebugMode`; validate saved URL is https + expected host (or restrict override to debug builds).",""
654,"Batch 11 — Mobile Flutter `lib/` (14 files)","`main.dart`",OPEN,"Firebase, SocketService, UpdateService init all commented out → push notificatio","Either wire the services with the fixes above or remove the dead init paths.",""