path,area,status,loc,bytes,imported_by
backend/app.js,,script,272,9603,2
backend/check-department-members.js,,script,25,712,0
backend/check-tables.js,,script,25,594,0
backend/check-users.js,,script,118,3816,0
backend/config/database.js,,live,53,1999,147
backend/config/env-validation.js,,live,67,1973,1
backend/config/logging.js,,live,55,1238,28
backend/config/platformJwt.js,,live,49,1858,2
backend/controllers/activityFeed.controller.js,,live,122,4884,1
backend/controllers/ai.controller.js,,live,231,7464,1
backend/controllers/analytics.controller.js,,live,362,12809,1
backend/controllers/announcements.controller.js,,live,256,9635,2
backend/controllers/approvals.controller.js,,live,623,22310,1
backend/controllers/auth.controller.js,,live,788,26744,1
backend/controllers/BaseController.js,,live,193,5638,49
backend/controllers/chartOfAccounts.controller.js,,live,156,4731,1
backend/controllers/chat.controller.js,,live,95,3421,1
backend/controllers/church.controller.js,,live,221,6014,1
backend/controllers/collection.controller.js,,live,519,19406,1
backend/controllers/comments.controller.js,,live,146,4918,1
backend/controllers/content.controller.js,,live,889,29487,1
backend/controllers/dashboard.controller.js,,live,340,11839,1
backend/controllers/department.controller.js,,live,900,29319,2
backend/controllers/departmentFeatures.controller.js,,live,182,6104,1
backend/controllers/departments.controller.js,,live,731,27302,1
backend/controllers/documentApproval.controller.js,,live,130,4113,1
backend/controllers/documents.controller.js,,live,569,19963,1
backend/controllers/fieldPermissions.controller.js,,live,126,4501,1
backend/controllers/gallery.controller.js,,live,1136,39946,2
backend/controllers/gateway.controller.js,,live,44,1322,1
backend/controllers/manualPayment.controller.js,,live,268,8359,1
backend/controllers/members.controller.js,,live,311,9030,1
backend/controllers/mobile.controller.js,,live,687,19296,1
backend/controllers/notifications.controller.js,,live,436,15024,1
backend/controllers/palette.controller.js,,live,290,9263,1
backend/controllers/payment.controller.js,,live,699,23121,1
backend/controllers/payments.controller.js,,live,836,30812,1
backend/controllers/platform.controller.js,,live,334,10975,1
backend/controllers/platformAuth.controller.js,,live,160,5509,2
backend/controllers/projects.controller.js,,live,376,13160,1
backend/controllers/reconciliation.controller.js,,live,76,2531,1
backend/controllers/recurringPayments.controller.js,,live,204,6871,1
backend/controllers/reports.controller.js,,live,569,19363,1
backend/controllers/security.controller.js,,live,251,8243,1
backend/controllers/settings.controller.js,,live,529,17290,1
backend/controllers/sms.controller.js,,live,812,27378,2
backend/controllers/smsAuth.controller.js,,live,201,7672,2
backend/controllers/smsContacts.controller.js,,live,470,15012,1
backend/controllers/smsGroups.controller.js,,live,466,14741,1
backend/controllers/smsHub.controller.js,,live,120,3665,1
backend/controllers/smsPush.controller.js,,live,225,7240,1
backend/controllers/smsSync.controller.js,,live,169,5964,2
backend/controllers/sync.controller.js,,live,39,1086,1
backend/controllers/telegram.controller.js,,live,860,29728,1
backend/controllers/telegramAuth.controller.js,,live,448,15004,1
backend/controllers/telegramChurch.controller.js,,live,105,3631,1
backend/controllers/treasury.controller.js,,live,1633,61245,2
backend/controllers/treasuryDashboard.controller.js,,live,173,5845,1
backend/controllers/userSettings.controller.js,,live,152,5449,1
backend/controllers/vendors.controller.js,,live,140,3980,1
backend/create-admin.js,,script,54,1624,0
backend/create-announcements-table.js,,script,31,930,0
backend/create-database.js,,script,48,1288,0
backend/create-department-tables.js,,script,1,0,0
backend/create-department-users.js,,script,269,10026,0
backend/create-personal-collections-table.js,,script,42,1259,0
backend/create-phase32-tables.js,,script,409,15539,0
backend/create-sms-advanced-tables.js,,script,75,3300,0
backend/create-users-direct.js,,script,265,13249,0
backend/create_admin_via_api.js,,script,81,2923,0
backend/eslint.config.js,,script,93,3031,0
backend/fix-slugs.js,,script,81,2632,0
backend/generate_hash.js,,script,15,334,0
backend/get-users.js,,script,34,988,0
backend/helpers/auditLog.js,,live,79,2395,4
backend/helpers/controllerLogger.js,,live,132,4366,79
backend/helpers/departmentLeadership.js,,live,237,8791,4
backend/helpers/errorHandler.js,,live,176,3999,5
backend/helpers/fieldPermissionService.js,,live,209,6378,1
backend/helpers/finance.js,,live,368,10854,1
backend/helpers/galleryCache.js,,live,230,6502,6
backend/helpers/notify.js,,live,115,3672,6
backend/helpers/paymentSMSIntegration.js,,live,267,10032,1
backend/helpers/permissionChecker.js,,live,149,3950,5
backend/helpers/reportScheduler.js,,live,255,8581,2
backend/helpers/security.js,,live,190,6038,13
backend/helpers/treasurySMSIntegration.js,,live,368,13668,1
backend/helpers/websocket.js,,live,195,5618,2
backend/helpers/workflowEngine.js,,live,327,11622,2
backend/middleware/auth.js,,live,259,9201,62
backend/middleware/churchContext.js,,live,87,3467,1
backend/middleware/csrf.js,,live,110,3898,1
backend/middleware/errorHandler.js,,live,124,3608,2
backend/middleware/identityGuard.js,,live,70,2847,2
backend/middleware/pagination.js,,live,73,2078,1
backend/middleware/platformAuth.js,,live,156,4709,2
backend/middleware/rateLimiter.js,,live,180,5612,6
backend/middleware/roleGuard.js,,live,58,1785,6
backend/middleware/standardResponse.js,,live,23,656,1
backend/middleware/tenantResolver.js,,live,184,7056,1
backend/middleware/treasurySecurity.js,,live,205,7082,1
backend/middleware/upload.js,,live,34,979,1
backend/middleware/validation.js,,live,71,2563,4
backend/migrate-gallery.js,,script,32,859,0
backend/migrate-members.js,,script,33,912,0
backend/migrate-settings.js,,script,33,919,0
backend/migrate.js,,script,83,2920,0
backend/modules/treasury/controllers/account.controller.js,,live,161,4778,1
backend/modules/treasury/controllers/budget.controller.js,,live,239,6917,1
backend/modules/treasury/controllers/expense.controller.js,,live,346,10981,2
backend/modules/treasury/controllers/fund.controller.js,,live,159,4584,1
backend/modules/treasury/controllers/index.js,,live,19,525,5
backend/modules/treasury/controllers/journalEntry.controller.js,,live,227,6912,1
backend/modules/treasury/models/Account.js,,live,105,2760,2
backend/modules/treasury/models/Budget.js,,live,223,6206,2
backend/modules/treasury/models/Expense.js,,live,208,5318,2
backend/modules/treasury/models/Fund.js,,live,137,3572,2
backend/modules/treasury/models/JournalEntry.js,,live,205,5797,2
backend/modules/treasury/repositories/account.repository.js,,live,372,10970,1
backend/modules/treasury/repositories/budget.repository.js,,live,280,9704,1
backend/modules/treasury/repositories/expense.repository.js,,live,255,8743,1
backend/modules/treasury/repositories/fund.repository.js,,live,142,5043,1
backend/modules/treasury/repositories/journalEntry.repository.js,,live,306,10334,1
backend/modules/treasury/routes/account.routes.js,,live,75,2448,1
backend/modules/treasury/routes/budget.routes.js,,live,88,3070,1
backend/modules/treasury/routes/expense.routes.js,,live,105,3615,1
backend/modules/treasury/routes/fund.routes.js,,live,70,2282,1
backend/modules/treasury/routes/index.js,,live,29,1058,2
backend/modules/treasury/routes/journalEntry.routes.js,,live,78,3020,1
backend/performance_benchmark.js,,script,213,7357,0
backend/repositories/ActivityFeedRepository.js,,live,157,4817,1
backend/repositories/AIRepository.js,,live,93,2572,2
backend/repositories/AnalyticsRepository.js,,live,567,20731,2
backend/repositories/AnnouncementsRepository.js,,live,282,8767,3
backend/repositories/ApprovalsRepository.js,,live,206,7695,3
backend/repositories/AuditLogRepository.js,,live,156,3970,3
backend/repositories/AuthRepository.js,,live,193,5501,2
backend/repositories/base.repository.js,,live,297,8574,5
backend/repositories/BaseRepository.js,,live,178,5224,51
backend/repositories/ChartOfAccountsRepository.js,,live,276,9128,2
backend/repositories/ChatRepository.js,,live,71,2285,2
backend/repositories/ChurchRepository.js,,live,213,6440,6
backend/repositories/CollectionRepository.js,,live,240,9876,1
backend/repositories/CommentsRepository.js,,live,73,2271,1
backend/repositories/ContentRepository.js,,live,677,22557,1
backend/repositories/DashboardRepository.js,,live,861,28579,2
backend/repositories/DepartmentCategoriesRepository.js,,live,66,1857,1
backend/repositories/DepartmentCommunityRepository.js,,live,10,219,1
backend/repositories/DepartmentFeaturesRepository.js,,live,111,3896,3
backend/repositories/DepartmentFinanceRepository.js,,live,10,215,1
backend/repositories/DepartmentLeadershipRepository.js,,live,10,221,1
backend/repositories/DepartmentRepository.js,,live,664,22900,3
backend/repositories/DepartmentsRepository.js,,live,414,15002,2
backend/repositories/DocumentsRepository.js,,live,360,11543,1
backend/repositories/EventsRepository.js,,live,341,10729,1
backend/repositories/GalleryAlbumsRepository.js,,live,227,8042,1
backend/repositories/GalleryRepository.js,,live,611,22603,1
backend/repositories/GatewayRepository.js,,live,33,968,1
backend/repositories/ManualPaymentRepository.js,,live,253,7746,2
backend/repositories/MembersRepository.js,,live,216,7475,1
backend/repositories/MobileRepository.js,,live,856,26501,2
backend/repositories/MpesaRepository.js,,live,21,518,2
backend/repositories/NotificationsRepository.js,,live,303,10194,1
backend/repositories/PaletteRepository.js,,live,267,8050,2
backend/repositories/PaymentRepository.js,,live,459,15039,2
backend/repositories/PaymentsRepository.js,,live,629,20423,2
backend/repositories/ProjectsRepository.js,,live,260,10128,1
backend/repositories/ReconciliationRepository.js,,live,108,3357,1
backend/repositories/RecurringPaymentsRepository.js,,live,154,5723,1
backend/repositories/ReportsRepository.js,,live,672,22621,2
backend/repositories/SecurityRepository.js,,live,150,5228,3
backend/repositories/SettingsRepository.js,,live,603,20890,1
backend/repositories/SMSProviderRepository.js,,live,216,6280,4
backend/repositories/SMSRepository.js,,live,367,12291,1
backend/repositories/SnapshotRepository.js,,live,128,3904,2
backend/repositories/SyncRepository.js,,live,30,844,1
backend/repositories/TelegramAuthRepository.js,,live,105,3194,1
backend/repositories/TelegramRepository.js,,live,288,10037,1
backend/repositories/TreasuryDashboardRepository.js,,live,232,7690,1
backend/repositories/TreasuryRepository.js,,live,1086,43543,1
backend/repositories/UserRepository.js,,live,577,17680,5
backend/repositories/UserSettingsRepository.js,,live,232,7922,1
backend/repositories/VendorsRepository.js,,live,106,3777,2
backend/routes/ai.routes.js,,live,12,379,1
backend/routes/analytics.routes.js,,live,52,2322,1
backend/routes/announcements.routes.js,,live,41,1531,1
backend/routes/apk.routes.js,,live,71,2395,1
backend/routes/approvals.routes.js,,live,41,2168,1
backend/routes/audit-logs.routes.js,,live,111,3231,1
backend/routes/auth.routes.js,,live,98,4215,1
backend/routes/chartOfAccounts.routes.js,,live,32,1087,1
backend/routes/chat.routes.js,,live,14,486,1
backend/routes/church.routes.js,,live,23,1187,1
backend/routes/collections.routes.js,,live,46,1625,1
backend/routes/comments.routes.js,,live,16,600,1
backend/routes/content.routes.js,,live,82,3854,1
backend/routes/dashboard.routes.js,,live,65,2900,1
backend/routes/department-categories.routes.js,,live,127,3908,1
backend/routes/department.routes.js,,live,1046,34958,1
backend/routes/departmentFeatures.routes.js,,live,29,1495,1
backend/routes/departments.routes.js,,live,848,30756,1
backend/routes/department_community.routes.js,,live,871,40859,1
backend/routes/department_finance.routes.js,,live,910,41343,1
backend/routes/department_leadership.routes.js,,live,533,24187,3
backend/routes/documentApproval.routes.js,,live,53,1782,1
backend/routes/documents.routes.js,,live,48,2485,1
backend/routes/events.routes.js,,live,835,29421,1
backend/routes/fieldPermissions.routes.js,,live,22,834,1
backend/routes/gallery.routes.js,,live,69,4002,1
backend/routes/galleryAlbums.routes.js,,live,37,1633,1
backend/routes/gateway.routes.js,,live,12,384,1
backend/routes/health.js,,live,125,3696,1
backend/routes/index.routes.js,,live,150,8524,1
backend/routes/logs.routes.js,,live,27,1039,1
backend/routes/manualPayment.routes.js,,live,34,1626,1
backend/routes/members.routes.js,,live,28,952,1
backend/routes/mobile.routes.js,,live,77,3253,2
backend/routes/mpesa.routes.js,,live,146,5098,1
backend/routes/notifications.routes.js,,live,45,2273,1
backend/routes/palette.routes.js,,live,24,1497,1
backend/routes/payments.routes.js,,live,83,5258,1
backend/routes/platform.routes.js,,live,26,2315,1
backend/routes/projects.routes.js,,live,41,1873,1
backend/routes/reconciliation.routes.js,,live,16,666,1
backend/routes/reports.routes.js,,live,69,2510,1
backend/routes/security.routes.js,,live,33,1594,1
backend/routes/settings.routes.js,,live,47,3324,1
backend/routes/sms.routes.js,,live,68,3699,1
backend/routes/smsAuth.routes.js,,live,13,473,1
backend/routes/smsContacts.routes.js,,live,19,1052,1
backend/routes/smsGroups.routes.js,,live,25,1349,1
backend/routes/smsHub.routes.js,,live,53,1779,2
backend/routes/smsSync.routes.js,,live,16,503,2
backend/routes/sync.routes.js,,live,11,313,1
backend/routes/telegram.routes.js,,live,74,3372,1
backend/routes/telegramAuth.routes.js,,live,32,1669,1
backend/routes/telegramChurch.routes.js,,live,14,527,1
backend/routes/treasury.routes.js,,live,129,8952,1
backend/routes/treasuryDashboard.routes.js,,live,42,1706,1
backend/routes/users.routes.js,,live,336,9907,1
backend/routes/userSettings.routes.js,,live,27,699,1
backend/scripts/add-gallery-created-at.js,,script,15,406,0
backend/scripts/add-missing-columns.js,,script,52,1515,0
backend/scripts/add-palette-setting.js,,script,28,941,0
backend/scripts/add-sample-gallery-data.js,,script,75,2929,0
backend/scripts/add-telegram-channel.js,,script,41,1192,0
backend/scripts/app-smoke-test.js,,script,92,3428,0
backend/scripts/apply-migration.js,,script,32,928,0
backend/scripts/apply-migrations.js,,script,94,3313,0
backend/scripts/assign-demo-church.js,,script,28,774,0
backend/scripts/auth-telegram.js,,script,71,2205,0
backend/scripts/auth-wrapper.js,,script,121,3977,0
backend/scripts/check-approval-requests-columns.js,,script,17,476,0
backend/scripts/check-columns.js,,script,20,590,0
backend/scripts/check-database.js,,script,44,1622,0
backend/scripts/check-departments-columns.js,,script,17,470,0
backend/scripts/check-departments.js,,script,57,1888,0
backend/scripts/check-documentation.js,,script,68,2194,0
backend/scripts/check-gallery-albums-columns.js,,script,17,473,0
backend/scripts/check-gallery-photos-columns.js,,script,17,475,0
backend/scripts/check-members-columns.js,,script,22,720,0
backend/scripts/check-mfa-status.js,,script,32,808,0
backend/scripts/check-missing-repository-methods.js,,script,176,6901,0
backend/scripts/check-notification-preferences-columns.js,,script,17,485,0
backend/scripts/check-notification-tables.js,,script,17,510,0
backend/scripts/check-notification-types-columns.js,,script,17,479,0
backend/scripts/check-notifications-columns.js,,script,17,474,0
backend/scripts/check-payments-columns.js,,script,17,467,0
backend/scripts/check-photo-tag-columns.js,,script,17,538,0
backend/scripts/check-security-tables.js,,script,17,517,0
backend/scripts/check-tables.js,,script,22,648,0
backend/scripts/check-telegram-tables.js,,script,30,730,0
backend/scripts/check-users-columns.js,,script,17,464,0
backend/scripts/check-users.js,,script,52,1902,0
backend/scripts/check-website-settings-table.js,,script,17,411,0
backend/scripts/create-local-admin.js,,script,118,4144,0
backend/scripts/create-missing-tables.js,,script,266,8930,0
backend/scripts/create-security-tables.js,,script,85,2736,0
backend/scripts/create-treasury-tables.js,,script,162,5755,0
backend/scripts/create-user-slug-function.js,,script,29,883,0
backend/scripts/create-website-settings-table.js,,script,26,724,0
backend/scripts/data/sda-departments.js,,script,73,4349,2
backend/scripts/delete-test-announcements.js,,script,15,363,0
backend/scripts/delete-test-departments.js,,script,15,358,0
backend/scripts/delete-test-events.js,,script,15,345,0
backend/scripts/delete-test-gallery-albums.js,,script,15,353,0
backend/scripts/delete-test-payments.js,,script,15,375,0
backend/scripts/delete-test-user.js,,script,15,357,0
backend/scripts/extract-routes-and-db.js,,script,170,5772,0
backend/scripts/fix-approval-comments.js,,script,15,358,0
backend/scripts/fix-approval-requests-columns.js,,script,16,488,0
backend/scripts/fix-departments-church-slug.js,,script,15,360,0
backend/scripts/fix-departments-columns.js,,script,16,482,0
backend/scripts/fix-gallery-albums-church-slug.js,,script,15,366,0
backend/scripts/fix-gallery-albums-columns.js,,script,16,528,0
backend/scripts/fix-gallery-uploaded-by.js,,script,15,361,0
backend/scripts/fix-notifications-columns.js,,script,16,470,0
backend/scripts/fix-table-columns.js,,script,104,3415,0
backend/scripts/fix-users-deleted-at.js,,script,15,343,0
backend/scripts/flesh-out-repositories.js,,script,86,2742,0
backend/scripts/generate-comprehensive-seed.js,,script,670,31713,0
backend/scripts/generate-login-doc.js,,script,78,3285,0
backend/scripts/get-admin-logins.js,,script,27,738,0
backend/scripts/probe-schema.js,,script,12,619,0
backend/scripts/reset-admin-password.js,,script,44,1307,0
backend/scripts/reset-db.js,,script,62,2437,0
backend/scripts/reset-nonmember-passwords.js,,script,39,1395,0
backend/scripts/run-fix-migration.js,,script,39,1061,0
backend/scripts/run-migration-026.js,,script,51,1636,0
backend/scripts/run-migration.js,,script,81,2430,0
backend/scripts/run-mobile-migration.js,,script,82,2731,0
backend/scripts/run-platform-migration.js,,script,50,1532,0
backend/scripts/security_audit.js,,script,364,12690,0
backend/scripts/seed-admin.js,,script,68,2302,0
backend/scripts/seed-church-data.js,,script,767,32276,0
backend/scripts/seed-churches.js,,script,344,17378,0
backend/scripts/seed-comprehensive.js,,script,145,6221,0
backend/scripts/seed-deep-test-data.js,,script,740,39878,0
backend/scripts/seed-demo-data.js,,script,79,3496,0
backend/scripts/seed-demo-users.js,,script,88,2504,0
backend/scripts/seed-history.js,,script,359,18271,0
backend/scripts/seed-palettes.js,,script,176,5186,0
backend/scripts/seed-role-accounts.js,,script,129,5355,0
backend/scripts/seed-upcoming-events.js,,script,69,2685,0
backend/scripts/setup-test-db.js,,script,97,3405,1
backend/scripts/sync-telegram-gallery.js,,script,127,5461,0
backend/scripts/test-all-routes.js,,script,116,2652,0
backend/scripts/test-api.js,,script,28,524,0
backend/scripts/test-data.js,,script,46,1364,0
backend/scripts/test-frontend-endpoints.js,,script,73,3276,0
backend/scripts/test-leadership-flow.js,,script,97,4239,0
backend/scripts/test-login.js,,script,36,690,0
backend/scripts/test-mobile-api.js,,script,66,2210,0
backend/scripts/test-multiple-apis.js,,script,60,1538,0
backend/scripts/test-sms-callback.js,,script,47,1378,0
backend/scripts/test-sms.js,,script,45,1149,0
backend/scripts/test-sync.js,,script,35,1286,0
backend/scripts/validate-db-routes.js,,script,415,17748,0
backend/scripts/validate-route-mounting.js,,script,210,8496,0
backend/scripts/verify-admin.js,,script,40,1207,0
backend/scripts/verify-ledger-fixes.js,,script,443,26305,0
backend/scripts/_scriptSafety.js,,script,33,1357,15
backend/security_audit.js,,script,339,11684,0
backend/seed-activity-data.js,,script,212,7926,0
backend/seed-database.js,,script,162,6893,1
backend/seed-departments.js,,script,142,4738,0
backend/server.js,,script,237,8403,8
backend/services/ActivityFeedService.js,,live,33,896,1
backend/services/aiContentService.js,,live,809,27558,2
backend/services/apiHub.js,,live,174,5025,5
backend/services/auditService.js,,live,156,4926,5
backend/services/ChartOfAccountsService.js,,live,273,8638,1
backend/services/churchPlatformGateway.service.js,,live,123,4732,2
backend/services/ChurchService.js,,live,60,1505,2
backend/services/ContentService.js,,live,56,1666,2
backend/services/documentApprovalService.js,,live,347,11882,3
backend/services/hybridSMS.js,,live,252,8018,4
backend/services/IdentityService.js,,live,257,8337,7
backend/services/kopokopo.js,,live,369,12099,1
backend/services/MessagingService.js,,live,133,3856,2
backend/services/MpesaService.js,,live,355,12137,2
backend/services/nameMatcher.js,,live,292,8982,1
backend/services/notificationService.js,,live,321,10346,6
backend/services/numberingService.js,,live,56,1877,4
backend/services/PaymentGatewayService.js,,live,40,1127,2
backend/services/platformAudit.service.js,,live,13,530,3
backend/services/ProjectService.js,,live,286,8568,1
backend/services/ReceiptService.js,,live,50,1724,1
backend/services/redisCache.js,,live,263,7131,3
backend/services/ReportService.js,,live,236,6901,1
backend/services/RollingUpdateService.js,,live,141,5164,3
backend/services/SchedulingService.js,,live,184,6271,1
backend/services/SettingsService.js,,live,70,2022,1
backend/services/SmsHub.js,,live,65,1763,2
backend/services/SnapshotService.js,,live,218,6903,3
backend/services/telegramService.js,,live,438,13462,1
backend/services/VendorService.js,,live,49,1614,1
backend/setup-base-database.js,,script,36,979,0
backend/setup-database.js,,script,30,734,1
backend/setup-settings-database.js,,script,49,1426,0
backend/setup-treasury-database.js,,script,50,1445,0
backend/sync-gallery.js,,script,28,722,0
backend/temp_hash.js,,script,10,243,0
backend/test-all-modules.js,,script,251,9677,0
backend/test-comprehensive.js,,script,489,19536,0
backend/test-endpoints.js,,script,94,3186,0
backend/test-final-implementations.js,,script,149,5053,0
backend/test-login-simple.js,,script,30,763,0
backend/test-login.js,,script,16,402,0
backend/test-mpesa.js,,script,68,2418,0
backend/test-new-modules.js,,script,199,7461,0
backend/test-palette-api.js,,script,27,436,0
backend/test-stkpush.js,,script,125,4349,0
backend/test-tasks-501-700.js,,script,193,7023,0
backend/tests/api/setup/global-setup.js,,test,14,360,0
backend/tests/api/setup/test-helpers.js,,dead,245,8846,3
backend/tests/api/sms-sync.test.js,,test,440,13914,0
backend/tests/api/tests/apiHub.test.js,,test,86,2823,0
backend/tests/api/tests/approvals.test.js,,test,207,7667,0
backend/tests/api/tests/auth.test.js,,test,259,10302,0
backend/tests/api/tests/database.test.js,,test,305,10534,0
backend/tests/api/tests/documentApprovalService.test.js,,test,79,2701,0
backend/tests/api/tests/documents.test.js,,test,148,5290,0
backend/tests/api/tests/health.test.js,,test,49,1990,0
backend/tests/api/tests/notifications.test.js,,test,135,5124,0
backend/tests/api/tests/notificationService.test.js,,test,79,2806,0
backend/tests/api/tests/sms-auth.test.js,,test,385,11594,0
backend/tests/api/tests/tenancy.test.js,,test,224,9160,0
backend/tests/e2e/critical-workflows.test.js,,test,474,16938,0
backend/tests/e2e/user-workflows.test.js,,test,525,16529,0
backend/tests/integration/documentApproval.integration.test.js,,test,281,9308,0
backend/tests/integration/smsHub.integration.test.js,,test,211,6393,0
backend/tests/jest.config.js,,dead,53,1335,0
backend/tests/jobs/SnapshotJob.test.js,,test,244,8727,0
backend/tests/migrations/003_snapshot_tables.test.js,,test,272,10098,0
backend/tests/quick.test.js,,test,21,522,0
backend/tests/services/RollingUpdateService.test.js,,test,435,14400,0
backend/tests/services/SnapshotService.test.js,,test,307,11287,0
backend/tests/setup/global-setup.js,,test,39,1199,0
backend/tests/setup/hibp-mock.js,,dead,6,105,0
backend/tests/setup/uuid-mock.js,,dead,12,370,0
backend/tests/setup.js,,test,36,721,0
backend/tests/simple.test.js,,test,41,1169,0
backend/tests/unit/audit-regressions.test.js,,test,152,6083,0
backend/tests/unit/departmentFeatures.test.js,,test,126,3774,0
backend/update-admin.js,,script,53,1511,0
backend/utils/cursorPagination.js,,live,243,7596,1
backend/utils/emailService.js,,live,219,9442,3
backend/utils/errorHandler.js,,live,60,1978,1
backend/utils/mpesa.js,,live,358,12199,2
backend/utils/piiMasker.js,,live,194,6284,1
backend/utils/ResponseHandler.js,,live,95,3140,15
backend/utils/secretBox.js,,live,37,1628,2
backend/__tests__/unit/announcements.controller.test.js,,test,251,8701,0
backend/__tests__/unit/apiHub.test.js,,test,152,5929,0
backend/__tests__/unit/churchPlatformGateway.service.test.js,,test,51,2473,0
backend/__tests__/unit/hybridSMS.test.js,,test,178,6140,0
backend/__tests__/unit/notificationService.test.js,,test,169,6100,0
backend/__tests__/unit/platformAuth.controller.test.js,,test,89,3137,0
backend/__tests__/unit/platformAuth.middleware.test.js,,test,33,1145,0
frontend/src/App-test.jsx,,test,17,402,0
frontend/src/App.jsx,,live,25,774,1
frontend/src/components/accessibility/SkipNavigation.jsx,,live,27,1042,1
frontend/src/components/common/Breadcrumb.jsx,,live,132,3871,6
frontend/src/components/common/Card.jsx,,live,25,763,34
frontend/src/components/common/EmptyState.jsx,,live,323,10230,33
frontend/src/components/common/GmailMessageList.jsx,,live,265,11124,2
frontend/src/components/common/Header.jsx,,live,190,8836,1
frontend/src/components/common/Loading.jsx,,live,105,3117,49
frontend/src/components/common/MobileBottomNav.jsx,,live,62,2283,1
frontend/src/components/common/MobileCard.jsx,,live,53,2361,8
frontend/src/components/common/PageInfoPanel.jsx,,live,256,10461,2
frontend/src/components/common/PasswordConfirmationModal.jsx,,live,106,3376,2
frontend/src/components/common/PermissionButton.jsx,,live,131,3838,8
frontend/src/components/common/ProtectedComponent.jsx,,live,142,4615,2
frontend/src/components/common/Sidebar.jsx,,live,222,9125,1
frontend/src/components/common/StatsCard.jsx,,live,82,2687,2
frontend/src/components/common/TabNavigation.jsx,,live,159,5316,4
frontend/src/components/dashboard/ChurchQuickActions.jsx,,live,120,3824,4
frontend/src/components/dashboard/ChurchStatsCard.jsx,,live,180,6704,5
frontend/src/components/dashboard/SystemOrganismViz.jsx,,live,269,11816,1
frontend/src/components/dashboard/__tests__/comprehensive-accessibility.test.jsx,,test,125,4756,0
frontend/src/components/departments/ActivityFeed.jsx,,live,417,16343,2
frontend/src/components/departments/DepartmentCollections.jsx,,live,699,41088,1
frontend/src/components/documentation/DocumentationManager.jsx,,live,202,7773,1
frontend/src/components/ErrorBoundary.jsx,,live,106,3870,4
frontend/src/components/events/CollectionTracker.jsx,,live,295,12260,1
frontend/src/components/gallery/ApplePhotoGrid.jsx,,live,286,10853,2
frontend/src/components/gallery/GalleryNavigation.jsx,,live,203,7215,1
frontend/src/components/gallery/PhotoGallery.jsx,,live,583,26544,1
frontend/src/components/gallery/PhotoLightbox.jsx,,live,497,18733,2
frontend/src/components/gallery/TelegramAuthModal.jsx,,live,262,10580,1
frontend/src/components/ProtectedRoute.jsx,,live,70,2098,2
frontend/src/components/public/FeaturedAnnouncements.jsx,,live,133,5555,1
frontend/src/components/public/FeaturedPhotos.jsx,,live,76,2950,1
frontend/src/components/public/HeroSection.jsx,,live,136,7478,1
frontend/src/components/public/LiveStreamSection.jsx,,live,129,6704,1
frontend/src/components/public/MinistriesCarousel.jsx,,live,221,12022,1
frontend/src/components/public/ServiceTimes.jsx,,live,210,8241,1
frontend/src/components/seo/SEOManager.jsx,,live,270,11507,1
frontend/src/components/settings/NotificationSettings.jsx,,live,264,9537,1
frontend/src/components/settings/PaletteSelector.jsx,,live,307,13658,1
frontend/src/components/settings/PrivacySettings.jsx,,live,322,11529,1
frontend/src/components/settings/SettingBoolean.jsx,,live,39,1286,1
frontend/src/components/settings/SettingColor.jsx,,live,65,2570,1
frontend/src/components/settings/SettingInput.jsx,,live,43,1522,1
frontend/src/components/settings/SettingNumber.jsx,,live,47,1633,1
frontend/src/components/settings/SettingSelect.jsx,,live,46,1583,1
frontend/src/components/settings/SettingTextarea.jsx,,live,42,1513,1
frontend/src/config/churchColorPalette.js,,live,201,6105,1
frontend/src/config/colorPalettes.js,,live,300,7802,3
frontend/src/config/featureFlags.js,,live,54,1899,1
frontend/src/constants/api.js,,live,295,10487,8
frontend/src/constants/permissions.js,,live,470,18236,9
frontend/src/constants/roles.js,,live,115,4532,3
frontend/src/constants/sdaDepartments.js,,live,68,4167,1
frontend/src/constants/validation.js,,live,72,2393,3
frontend/src/contexts/AuthContext.jsx,,live,312,11118,103
frontend/src/contexts/ColorPaletteContext.jsx,,live,183,6206,10
frontend/src/contexts/GalleryContext.jsx,,live,172,5527,1
frontend/src/contexts/MembersContext.jsx,,live,124,4059,1
frontend/src/contexts/SettingsContext.jsx,,live,62,2186,7
frontend/src/contexts/ToastContext.jsx,,live,103,3798,83
frontend/src/hooks/useActivityFeed.js,,live,185,6014,2
frontend/src/hooks/useChurchBranding.js,,live,79,2353,10
frontend/src/hooks/useDataFetch.js,,live,148,4733,3
frontend/src/hooks/useFeatureFlag.js,,live,113,4104,1
frontend/src/hooks/usePasswordConfirmation.js,,live,82,2354,2
frontend/src/hooks/usePermission.js,,live,157,7658,6
frontend/src/layouts/AuthLayout.jsx,,live,56,2299,1
frontend/src/layouts/DashboardLayout.jsx,,live,43,1469,1
frontend/src/layouts/PublicLayout.jsx,,live,263,14747,1
frontend/src/main.jsx,,live,84,3459,0
frontend/src/modules/sms/pages/Contacts.jsx,,live,327,13186,1
frontend/src/modules/sms/pages/Dashboard.jsx,,live,171,9332,1
frontend/src/modules/sms/pages/Groups.jsx,,live,263,9744,1
frontend/src/pages/accessibility/Accessibility.jsx,,live,33,1155,1
frontend/src/pages/admin/AdminDashboard.jsx,,live,262,9963,1
frontend/src/pages/admin/AdminDatabase.jsx,,live,83,3725,1
frontend/src/pages/admin/Documents.jsx,,live,398,17671,1
frontend/src/pages/admin/SiteSettings.jsx,,live,848,30519,1
frontend/src/pages/analytics/Analytics.jsx,,live,547,21099,1
frontend/src/pages/announcements/Announcements.jsx,,live,328,13160,1
frontend/src/pages/approvals/ApprovalInbox.jsx,,live,321,12488,1
frontend/src/pages/auth/ForgotPassword.jsx,,live,168,6406,1
frontend/src/pages/auth/Login.jsx,,live,194,8043,1
frontend/src/pages/auth/Register.jsx,,live,336,13715,1
frontend/src/pages/collections/MyCollections.jsx,,live,277,11987,1
frontend/src/pages/content/Content.jsx,,live,357,14141,1
frontend/src/pages/dashboard/CollectorDashboard.jsx,,live,237,10231,1
frontend/src/pages/dashboard/Dashboard.jsx,,live,86,3008,1
frontend/src/pages/dashboard/DepartmentHeadDashboard.jsx,,live,198,7873,1
frontend/src/pages/dashboard/MemberDashboard.jsx,,live,307,15438,1
frontend/src/pages/dashboard/PastorDashboard.jsx,,live,197,7683,1
frontend/src/pages/dashboard/SuperAdminDashboard.jsx,,live,227,8334,1
frontend/src/pages/dashboard/TreasurerDashboard.jsx,,live,221,8454,1
frontend/src/pages/departments/CategoryManagement.jsx,,live,238,9281,1
frontend/src/pages/departments/components/ComponentAllocation.jsx,,live,258,10884,1
frontend/src/pages/departments/components/DepartmentBranding.jsx,,live,372,14825,1
frontend/src/pages/departments/components/PermissionManagement.jsx,,live,303,12755,1
frontend/src/pages/departments/DepartmentActivity.jsx,,live,265,10298,1
frontend/src/pages/departments/DepartmentDashboard.jsx,,live,1976,92561,1
frontend/src/pages/departments/DepartmentHandover.jsx,,live,347,16121,1
frontend/src/pages/departments/DepartmentHeadAllocation.jsx,,live,296,13798,1
frontend/src/pages/departments/DepartmentOverview.jsx,,live,293,12723,1
frontend/src/pages/departments/DepartmentSettings.jsx,,live,319,16566,1
frontend/src/pages/departments/DepartmentsList.jsx,,live,485,22224,1
frontend/src/pages/departments/MyDepartments.jsx,,live,312,13777,1
frontend/src/pages/documentation/Documentation.jsx,,live,14,345,1
frontend/src/pages/events/Events.jsx,,live,552,24379,1
frontend/src/pages/gallery/GalleryManagement.jsx,,live,894,38519,1
frontend/src/pages/members/MemberDirectory.jsx,,live,685,33004,1
frontend/src/pages/mobile/Mobile.jsx,,live,33,1113,1
frontend/src/pages/monitoring/Monitoring.jsx,,live,138,6755,1
frontend/src/pages/notifications/NotificationDashboard.jsx,,live,276,11424,1
frontend/src/pages/obligations/MyObligations.jsx,,live,203,10671,1
frontend/src/pages/payments/MyPayments.jsx,,live,196,7799,1
frontend/src/pages/payments/PaymentHistory.jsx,,live,288,11703,1
frontend/src/pages/payments/PaymentManagement.jsx,,live,725,33710,1
frontend/src/pages/payments/Payments.jsx,,live,305,11565,1
frontend/src/pages/PhotoGalleryPage.jsx,,live,481,19539,1
frontend/src/pages/platform/PlatformDashboard.jsx,,live,317,11451,1
frontend/src/pages/platform/PlatformLogin.jsx,,live,132,4832,1
frontend/src/pages/platform/tenants/TenantCreate.jsx,,live,102,6424,1
frontend/src/pages/platform/tenants/TenantDetail.jsx,,live,319,13650,1
frontend/src/pages/platform/tenants/TenantList.jsx,,live,205,8937,1
frontend/src/pages/platform/tenants/TenantSettings.jsx,,live,76,5046,1
frontend/src/pages/profile/Profile.jsx,,live,413,16409,1
frontend/src/pages/profile/ProfileManagement.jsx,,live,562,24609,1
frontend/src/pages/public/Announcements.jsx,,live,243,9975,1
frontend/src/pages/public/DownloadsPage.jsx,,live,168,6870,1
frontend/src/pages/public/Privacy.jsx,,live,24,1061,1
frontend/src/pages/public/PublicAnnouncementDetail.jsx,,live,100,3616,1
frontend/src/pages/public/PublicHome.jsx,,live,22,733,1
frontend/src/pages/public/Terms.jsx,,live,29,1275,1
frontend/src/pages/reports/Reports.jsx,,live,204,8730,1
frontend/src/pages/security/Security.jsx,,live,338,15817,1
frontend/src/pages/seo/SEO.jsx,,live,9,166,1
frontend/src/pages/telegram/TelegramAuth.jsx,,live,695,28453,1
frontend/src/pages/telegram/TelegramChurchSettings.jsx,,live,222,8277,1
frontend/src/pages/testing/Testing.jsx,,live,33,1119,1
frontend/src/pages/treasury/BankReconciliations.jsx,,live,425,18516,1
frontend/src/pages/treasury/Budgets.jsx,,live,498,19907,1
frontend/src/pages/treasury/ChartOfAccounts.jsx,,live,448,18053,1
frontend/src/pages/treasury/Contributions.jsx,,live,317,12776,1
frontend/src/pages/treasury/Expenses.jsx,,live,586,23360,1
frontend/src/pages/treasury/FinancialReports.jsx,,live,479,19738,1
frontend/src/pages/treasury/FixedAssets.jsx,,live,493,21079,1
frontend/src/pages/treasury/Funds.jsx,,live,412,16510,1
frontend/src/pages/treasury/JournalEntries.jsx,,live,555,23548,1
frontend/src/pages/treasury/Pledges.jsx,,live,497,20545,1
frontend/src/pages/treasury/Projects.jsx,,live,614,24791,1
frontend/src/pages/treasury/Receipts.jsx,,live,323,13837,1
frontend/src/pages/treasury/RecurringPayments.jsx,,live,484,20252,1
frontend/src/pages/treasury/TreasuryAnalytics.jsx,,live,324,13565,1
frontend/src/pages/treasury/TreasuryDashboard.jsx,,live,459,20793,1
frontend/src/pages/treasury/Vendors.jsx,,live,443,18118,1
frontend/src/pages/users/UserManagement.jsx,,live,641,29359,1
frontend/src/router/dashboard.routes.jsx,,live,230,13860,1
frontend/src/router/public.routes.jsx,,live,85,3306,1
frontend/src/router.jsx,,live,73,2060,1
frontend/src/shells/AuthShell.jsx,,live,34,1151,1
frontend/src/shells/DashboardShell.jsx,,live,50,1884,1
frontend/src/shells/PlatformShell.jsx,,live,165,6753,1
frontend/src/shells/PublicShell.jsx,,live,20,484,1
frontend/src/sms/SMS.jsx,,live,579,22862,1
frontend/src/utils/cache.js,,live,57,1119,1
frontend/src/utils/dateGrouping.js,,live,537,15319,3
frontend/src/utils/format.js,,live,59,1672,13
frontend/src/__tests__/colorPalette.test.js,,test,103,3651,0
frontend/src/__tests__/comprehensive.test.js,,test,785,23338,0
frontend/src/__tests__/setup.js,,test,41,928,0
mobile/flutter/flutter-mobile/lib/app/app.dart,,live,4,85,1
mobile/flutter/flutter-mobile/lib/app/router.dart,,live,210,7110,1
mobile/flutter/flutter-mobile/lib/app/theme.dart,,live,436,15732,20
mobile/flutter/flutter-mobile/lib/main.dart,,live,72,2152,0
mobile/flutter/flutter-mobile/lib/screens/announcements_screen.dart,,live,363,12078,1
mobile/flutter/flutter-mobile/lib/screens/approvals_screen.dart,,live,306,9936,1
mobile/flutter/flutter-mobile/lib/screens/collect_payments_screen.dart,,live,434,16146,1
mobile/flutter/flutter-mobile/lib/screens/dashboard_screen.dart,,live,933,30126,1
mobile/flutter/flutter-mobile/lib/screens/departments_screen.dart,,live,274,9170,1
mobile/flutter/flutter-mobile/lib/screens/department_detail_screen.dart,,live,755,27153,1
mobile/flutter/flutter-mobile/lib/screens/dept_collections_tab.dart,,live,999,40182,1
mobile/flutter/flutter-mobile/lib/screens/dept_leadership_tab.dart,,live,344,11589,1
mobile/flutter/flutter-mobile/lib/screens/documents_screen.dart,,live,255,7589,1
mobile/flutter/flutter-mobile/lib/screens/events_screen.dart,,live,344,11061,1
mobile/flutter/flutter-mobile/lib/screens/forgot_password_screen.dart,,live,224,7798,1
mobile/flutter/flutter-mobile/lib/screens/gallery_screen.dart,,live,677,23212,1
mobile/flutter/flutter-mobile/lib/screens/handovers_screen.dart,,live,224,8155,1
mobile/flutter/flutter-mobile/lib/screens/login_screen.dart,,live,395,14281,1
mobile/flutter/flutter-mobile/lib/screens/members_screen.dart,,live,304,10200,1
mobile/flutter/flutter-mobile/lib/screens/my_obligations_screen.dart,,live,261,9898,1
mobile/flutter/flutter-mobile/lib/screens/notifications_screen.dart,,live,128,4800,1
mobile/flutter/flutter-mobile/lib/screens/payments_screen.dart,,live,626,22600,1
mobile/flutter/flutter-mobile/lib/screens/profile_screen.dart,,live,507,16004,1
mobile/flutter/flutter-mobile/lib/screens/server_url_screen.dart,,live,106,3018,1
mobile/flutter/flutter-mobile/lib/services/api_service.dart,,live,1103,42365,20
mobile/flutter/flutter-mobile/lib/services/auth_service.dart,,live,157,4721,5
mobile/flutter/flutter-mobile/lib/services/biometric_service.dart,,live,95,3609,1
mobile/flutter/flutter-mobile/lib/services/config.dart,,live,79,2667,3
mobile/flutter/flutter-mobile/lib/services/media_service.dart,,live,177,5460,1
mobile/flutter/flutter-mobile/lib/services/pull_sync_service.dart,,live,22,467,1
mobile/flutter/flutter-mobile/lib/services/sms_recon_service.dart,,live,528,20832,2
mobile/flutter/flutter-mobile/lib/utils/phone_utils.dart,,live,18,851,2
mobile/flutter/flutter-mobile/lib/widgets/custom_text_field.dart,,live,67,1889,4
mobile/flutter/flutter-mobile/lib/widgets/loading_button.dart,,live,57,1596,4
mobile/flutter/flutter-mobile/lib/widgets/main_shell.dart,,live,52,1697,1
mobile/flutter/flutter-mobile/lib/widgets/payment_method_card.dart,,live,72,2163,1
